#
# A fatal error has been detected by the Java Runtime Environment:
#
#  SIGSEGV (0xb) at pc=0x00007fc9697ed5ec, pid=41815, tid=41862
#
# JRE version: OpenJDK Runtime Environment (15.0.2+7) (build 15.0.2+7)
# Java VM: OpenJDK 64-Bit Server VM (15.0.2+7, mixed mode, tiered, compressed oops, g1 gc, linux-amd64)
# Problematic frame:
# C  [libc.so.6+0x1645ec]  __memmove_avx_unaligned_erms+0xec
#
# Core dump will be written. Default location: Core dumps may be processed with "/usr/lib/systemd/systemd-coredump %P %u %g %s %t %c %h" (or dumping to /home/heero/dev/workspace-game/atriasoft/ewol/samples/core.41815)
#
# If you would like to submit a bug report, please visit:
#   https://bugreport.java.com/bugreport/crash.jsp
# The crash happened outside the Java Virtual Machine in native code.
# See problematic frame for where to report the bug.
#

---------------  S U M M A R Y ------------

Command Line: -XX:+ShowCodeDetailsInExceptionMessages -agentlib:jdwp=transport=dt_socket,suspend=y,address=localhost:43191 -Dlogger.color=true -Djava.library.path=/home/heero/dev/workspace-game/atriasoft/ewol/lib -javaagent:/home/heero/.local/application/eclipse.app/eclipse/configuration/org.eclipse.osgi/216/0/.cp/lib/javaagent-shaded.jar -Dfile.encoding=UTF-8 --module-path=/home/heero/dev/workspace-game/atriasoft/ewol/samples/bin:/home/heero/dev/workspace-game/atriasoft/ewol/out/eclipse/classes:/home/heero/dev/workspace-game/atriasoft/exml/out/eclipse/classes:/home/heero/dev/workspace-game/scenarium/logger/out/eclipse/classes:/home/heero/dev/workspace-game/atriasoft/etk/out/eclipse/classes:/home/heero/dev/workspace-game/atriasoft/etk/lib/spotbugs-annotations-4.2.2.jar:/home/heero/dev/workspace-game/atriasoft/gale/out/eclipse/classes:/home/heero/dev/workspace-game/atriasoft/gale/lib/lwjgl3-awt-0.1.7.jar:/home/heero/dev/workspace-game/atriasoft/gale/lib/pngdecoder.jar:/home/heero/dev/workspace-game/atriasoft/gale/lib/lwjgl/lwjgl.jar:/home/heero/dev/workspace-game/atriasoft/gale/lib/lwjgl/lwjgl-assimp.jar:/home/heero/dev/workspace-game/atriasoft/gale/lib/lwjgl/lwjgl-assimp-natives-linux.jar:/home/heero/dev/workspace-game/atriasoft/gale/lib/lwjgl/lwjgl-glfw.jar:/home/heero/dev/workspace-game/atriasoft/gale/lib/lwjgl/lwjgl-glfw-natives-linux.jar:/home/heero/dev/workspace-game/atriasoft/gale/lib/lwjgl/lwjgl-jawt.jar:/home/heero/dev/workspace-game/atriasoft/gale/lib/lwjgl/lwjgl-natives-linux.jar:/home/heero/dev/workspace-game/atriasoft/gale/lib/lwjgl/lwjgl-opengl.jar:/home/heero/dev/workspace-game/atriasoft/gale/lib/lwjgl/lwjgl-stb.jar:/home/heero/dev/workspace-game/atriasoft/gale/lib/lwjgl/lwjgl-stb-natives-linux.jar:/home/heero/dev/workspace-game/atriasoft/gale/lib/lwjgl/lwjgl-opengl-natives-linux.jar:/home/heero/dev/workspace-game/atriasoft/ejson/out/eclipse/classes:/home/heero/dev/workspace-game/atriasoft/ewol/lib/freetype-jni.jar --enable-preview -Djdk.module.main=sample.atriasoft.ewol sample.atriasoft.ewol/sample.atriasoft.ewol.simpleWindowsWithImage.SimpleWindowsWithImageMain

Host: AMD Ryzen 5 3600 6-Core Processor, 12 cores, 15G, Arch Linux
Time: Tue Mar 30 00:37:31 2021 CEST elapsed time: 0.700757 seconds (0d 0h 0m 0s)

---------------  T H R E A D  ---------------

Current thread (0x00007fc96076b2d0):  JavaThread "AWT-EventQueue-0" [_thread_in_native, id=41862, stack(0x00007fc8e26a0000,0x00007fc8e27a1000)]

Stack: [0x00007fc8e26a0000,0x00007fc8e27a1000],  sp=0x00007fc8e279e8a8,  free space=1018k
Native frames: (J=compiled Java code, A=aot compiled Java code, j=interpreted, Vv=VM code, C=native code)
C  [libc.so.6+0x1645ec]  __memmove_avx_unaligned_erms+0xec

Java frames: (J=compiled Java code, j=interpreted, Vv=VM code)
j  org.lwjgl.opengl.GL11C.nglTexImage2D(IIIIIIIIJ)V+0 org.lwjgl.opengl
j  org.lwjgl.opengl.GL11C.glTexImage2D(IIIIIIIILjava/nio/ByteBuffer;)V+17 org.lwjgl.opengl
j  org.lwjgl.opengl.GL11.glTexImage2D(IIIIIIIILjava/nio/ByteBuffer;)V+14 org.lwjgl.opengl
j  org.atriasoft.gale.backend3d.OpenGL.glTexImage2D(IIIIIII[B)V+22 org.atriasoft.gale
j  org.atriasoft.ewol.resource.ResourceTexture2.updateContext()Z+432 org.atriasoft.ewol
j  org.atriasoft.gale.resource.ResourceManager.updateContext()V+126 org.atriasoft.gale
j  org.atriasoft.gale.context.Context.operatingSystemDraw(Z)Z+171 org.atriasoft.gale
j  org.atriasoft.gale.context.LWJG_AWT.ContextLWJGLAWT$1.paintGL()V+114 org.atriasoft.gale
j  org.lwjgl.opengl.awt.AWTGLCanvas.render()V+21 lwjgl3.awt@0.1.7
j  org.atriasoft.gale.context.LWJG_AWT.ContextLWJGLAWT$2.run()V+25 org.atriasoft.gale
j  java.awt.event.InvocationEvent.dispatch()V+47 java.desktop@15.0.2
j  java.awt.EventQueue.dispatchEventImpl(Ljava/awt/AWTEvent;Ljava/lang/Object;)V+21 java.desktop@15.0.2
j  java.awt.EventQueue$4.run()Ljava/lang/Void;+32 java.desktop@15.0.2
j  java.awt.EventQueue$4.run()Ljava/lang/Object;+1 java.desktop@15.0.2
J 1090 c1 java.security.AccessController.executePrivileged(Ljava/security/PrivilegedAction;Ljava/security/AccessControlContext;Ljava/lang/Class;)Ljava/lang/Object; java.base@15.0.2 (65 bytes) @ 0x00007fc9492c94ac [0x00007fc9492c9340+0x000000000000016c]
j  java.security.AccessController.doPrivileged(Ljava/security/PrivilegedAction;Ljava/security/AccessControlContext;)Ljava/lang/Object;+13 java.base@15.0.2
j  java.security.ProtectionDomain$JavaSecurityAccessImpl.doIntersectionPrivilege(Ljava/security/PrivilegedAction;Ljava/security/AccessControlContext;Ljava/security/AccessControlContext;)Ljava/lang/Object;+18 java.base@15.0.2
j  java.awt.EventQueue.dispatchEvent(Ljava/awt/AWTEvent;)V+46 java.desktop@15.0.2
j  java.awt.EventDispatchThread.pumpOneEventForFilters(I)V+78 java.desktop@15.0.2
j  java.awt.EventDispatchThread.pumpEventsForFilter(ILjava/awt/Conditional;Ljava/awt/EventFilter;)V+35 java.desktop@15.0.2
j  java.awt.EventDispatchThread.pumpEventsForHierarchy(ILjava/awt/Conditional;Ljava/awt/Component;)V+11 java.desktop@15.0.2
j  java.awt.EventDispatchThread.pumpEvents(ILjava/awt/Conditional;)V+4 java.desktop@15.0.2
j  java.awt.EventDispatchThread.pumpEvents(Ljava/awt/Conditional;)V+3 java.desktop@15.0.2
j  java.awt.EventDispatchThread.run()V+9 java.desktop@15.0.2
v  ~StubRoutines::call_stub

siginfo: si_signo: 11 (SIGSEGV), si_code: 1 (SEGV_MAPERR), si_addr: 0x0000000000000010

Register to memory mapping:

RAX=0x00007fc85d650000 points into unknown readable memory: 0x0000000000000000 | 00 00 00 00 00 00 00 00
RBX=0x0000000000000080 is an unknown value
RCX=0x0 is NULL
RDX=0x0000000000000080 is an unknown value
RSP=0x00007fc8e279e8a8 is pointing into the stack for thread: 0x00007fc96076b2d0
RBP=0x0000000000000020 is an unknown value
RSI=0x0000000000000010 is an unknown value
RDI=0x00007fc85d650000 points into unknown readable memory: 0x0000000000000000 | 00 00 00 00 00 00 00 00
R8 =0x0 is NULL
R9 =0x0000000000000080 is an unknown value
R10=0x0000000000000001 is an unknown value
R11=0x0000000000000020 is an unknown value
R12=0x0000000000000100 is an unknown value
R13=0x0000000000000080 is an unknown value
R14=0x0000000000000090 is an unknown value
R15=0x0000000000000001 is an unknown value


Registers:
RAX=0x00007fc85d650000, RBX=0x0000000000000080, RCX=0x0000000000000000, RDX=0x0000000000000080
RSP=0x00007fc8e279e8a8, RBP=0x0000000000000020, RSI=0x0000000000000010, RDI=0x00007fc85d650000
R8 =0x0000000000000000, R9 =0x0000000000000080, R10=0x0000000000000001, R11=0x0000000000000020
R12=0x0000000000000100, R13=0x0000000000000080, R14=0x0000000000000090, R15=0x0000000000000001
RIP=0x00007fc9697ed5ec, EFLAGS=0x0000000000010246, CSGSFS=0x002b000000000033, ERR=0x0000000000000004
  TRAPNO=0x000000000000000e

Top of Stack: (sp=0x00007fc8e279e8a8)
0x00007fc8e279e8a8:   00007fc8e06a7773 0000000000000010
0x00007fc8e279e8b8:   0000001f00010020 0000000300000002
0x00007fc8e279e8c8:   0000000000000020 0000000000000100
0x00007fc8e279e8d8:   0000000000000001 0000000000000010 

Instructions: (pc=0x00007fc9697ed5ec)
0x00007fc9697ed4ec:   0f 1f 40 00 f3 0f 1e fa 48 39 d1 0f 82 43 8c fa
0x00007fc9697ed4fc:   ff 0f 1f 00 f3 0f 1e fa 48 89 f8 48 83 fa 20 72
0x00007fc9697ed50c:   5c 48 83 fa 40 0f 87 b2 00 00 00 c5 fe 6f 06 c5
0x00007fc9697ed51c:   fe 6f 4c 16 e0 c5 fe 7f 07 c5 fe 7f 4c 17 e0 c5
0x00007fc9697ed52c:   f8 77 c3 48 3b 15 a2 08 06 00 0f 83 38 01 00 00
0x00007fc9697ed53c:   48 39 f7 72 17 74 25 4c 8d 0c 16 4c 39 cf 0f 82
0x00007fc9697ed54c:   d8 01 00 00 48 89 f9 48 29 f1 eb 06 48 89 f1 48
0x00007fc9697ed55c:   29 f9 83 f9 3f 76 73 48 89 d1 f3 a4 c3 80 fa 10
0x00007fc9697ed56c:   73 17 80 fa 08 73 27 80 fa 04 73 33 80 fa 01 77
0x00007fc9697ed57c:   3b 72 05 0f b6 0e 88 0f c3 c5 fa 6f 06 c5 fa 6f
0x00007fc9697ed58c:   4c 16 f0 c5 fa 7f 07 c5 fa 7f 4c 17 f0 c3 48 8b
0x00007fc9697ed59c:   4c 16 f8 48 8b 36 48 89 4c 17 f8 48 89 37 c3 8b
0x00007fc9697ed5ac:   4c 16 fc 8b 36 89 4c 17 fc 89 37 c3 0f b7 4c 16
0x00007fc9697ed5bc:   fe 0f b7 36 66 89 4c 17 fe 66 89 37 c3 48 3b 15
0x00007fc9697ed5cc:   90 cb 05 00 0f 87 59 ff ff ff 48 81 fa 00 01 00
0x00007fc9697ed5dc:   00 0f 87 91 00 00 00 48 81 fa 80 00 00 00 72 5a
0x00007fc9697ed5ec:   c5 fe 6f 06 c5 fe 6f 4e 20 c5 fe 6f 56 40 c5 fe
0x00007fc9697ed5fc:   6f 5e 60 c5 fe 6f 64 16 e0 c5 fe 6f 6c 16 c0 c5
0x00007fc9697ed60c:   fe 6f 74 16 a0 c5 fe 6f 7c 16 80 c5 fe 7f 07 c5
0x00007fc9697ed61c:   fe 7f 4f 20 c5 fe 7f 57 40 c5 fe 7f 5f 60 c5 fe
0x00007fc9697ed62c:   7f 64 17 e0 c5 fe 7f 6c 17 c0 c5 fe 7f 74 17 a0
0x00007fc9697ed63c:   c5 fe 7f 7c 17 80 c5 f8 77 c3 c5 fe 6f 06 c5 fe
0x00007fc9697ed64c:   6f 4e 20 c5 fe 6f 54 16 e0 c5 fe 6f 5c 16 c0 c5
0x00007fc9697ed65c:   fe 7f 07 c5 fe 7f 4f 20 c5 fe 7f 54 17 e0 c5 fe
0x00007fc9697ed66c:   7f 5c 17 c0 c5 f8 77 c3 48 39 f7 0f 87 ab 00 00
0x00007fc9697ed67c:   00 0f 84 e5 fe ff ff c5 fe 6f 26 c5 fe 6f 6c 16
0x00007fc9697ed68c:   e0 c5 fe 6f 74 16 c0 c5 fe 6f 7c 16 a0 c5 7e 6f
0x00007fc9697ed69c:   44 16 80 49 89 fb 48 8d 4c 17 e0 49 89 f8 49 83
0x00007fc9697ed6ac:   e0 1f 49 83 e8 20 4c 29 c6 4c 29 c7 4c 01 c2 48
0x00007fc9697ed6bc:   3b 15 16 07 06 00 0f 87 07 01 00 00 c5 fe 6f 06
0x00007fc9697ed6cc:   c5 fe 6f 4e 20 c5 fe 6f 56 40 c5 fe 6f 5e 60 48
0x00007fc9697ed6dc:   81 c6 80 00 00 00 48 81 ea 80 00 00 00 c5 fd 7f 


Stack slot to memory mapping:
stack at sp + 0 slots: 0x00007fc8e06a7773: <offset 0x000000000019a773> in /usr/lib/dri/radeonsi_dri.so at 0x00007fc8e050d000
stack at sp + 1 slots: 0x0000000000000010 is an unknown value
stack at sp + 2 slots: 0x0000001f00010020 is an unknown value
stack at sp + 3 slots: 0x0000000300000002 is an unknown value
stack at sp + 4 slots: 0x0000000000000020 is an unknown value
stack at sp + 5 slots: 0x0000000000000100 is an unknown value
stack at sp + 6 slots: 0x0000000000000001 is an unknown value
stack at sp + 7 slots: 0x0000000000000010 is an unknown value


---------------  P R O C E S S  ---------------

Threads class SMR info:
_java_thread_list=0x00007fc8ac049600, length=21, elements={
0x00007fc96020c6a0, 0x00007fc960214040, 0x00007fc96022af30, 0x00007fc96022c640,
0x00007fc96022e2a0, 0x00007fc96022fad0, 0x00007fc960231180, 0x00007fc9602fb9c0,
0x00007fc9101042b0, 0x00007fc910131dd0, 0x00007fc960420730, 0x00007fc960423fb0,
0x00007fc8f4001100, 0x00007fc9604b9cf0, 0x00007fc960687790, 0x00007fc9605cfc00,
0x00007fc960788b90, 0x00007fc96076b2d0, 0x00007fc9607713c0, 0x00007fc960019660,
0x00007fc8ac0496c0
}

Java Threads: ( => current thread )
  0x00007fc96020c6a0 JavaThread "Reference Handler" daemon [_thread_blocked, id=41831, stack(0x00007fc96410c000,0x00007fc96420d000)]
  0x00007fc960214040 JavaThread "Finalizer" daemon [_thread_blocked, id=41832, stack(0x00007fc96400b000,0x00007fc96410c000)]
  0x00007fc96022af30 JavaThread "Signal Dispatcher" daemon [_thread_blocked, id=41833, stack(0x00007fc940a33000,0x00007fc940b34000)]
  0x00007fc96022c640 JavaThread "Service Thread" daemon [_thread_blocked, id=41834, stack(0x00007fc940932000,0x00007fc940a33000)]
  0x00007fc96022e2a0 JavaThread "C2 CompilerThread0" daemon [_thread_in_native, id=41835, stack(0x00007fc940831000,0x00007fc940932000)]
  0x00007fc96022fad0 JavaThread "C1 CompilerThread0" daemon [_thread_blocked, id=41836, stack(0x00007fc940730000,0x00007fc940831000)]
  0x00007fc960231180 JavaThread "Sweeper thread" daemon [_thread_blocked, id=41837, stack(0x00007fc94062f000,0x00007fc940730000)]
  0x00007fc9602fb9c0 JavaThread "Common-Cleaner" daemon [_thread_blocked, id=41838, stack(0x00007fc940516000,0x00007fc940617000)]
  0x00007fc9101042b0 JavaThread "C2 CompilerThread1" daemon [_thread_in_native, id=41839, stack(0x00007fc940415000,0x00007fc940516000)]
  0x00007fc910131dd0 JavaThread "C2 CompilerThread2" daemon [_thread_in_native, id=41840, stack(0x00007fc9402e0000,0x00007fc9403e1000)]
  0x00007fc960420730 JavaThread "JDWP Transport Listener: dt_socket" daemon [_thread_blocked, id=41842, stack(0x00007fc94016d000,0x00007fc94026e000)]
  0x00007fc960423fb0 JavaThread "JDWP Event Helper Thread" daemon [_thread_blocked, id=41844, stack(0x00007fc94006c000,0x00007fc94016d000)]
  0x00007fc8f4001100 JavaThread "JDWP Command Reader" daemon [_thread_in_native, id=41846, stack(0x00007fc931eff000,0x00007fc932000000)]
  0x00007fc9604b9cf0 JavaThread "Notification Thread" daemon [_thread_blocked, id=41849, stack(0x00007fc931bfb000,0x00007fc931cfc000)]
  0x00007fc960687790 JavaThread "Java2D Disposer" daemon [_thread_blocked, id=41854, stack(0x00007fc93031f000,0x00007fc930420000)]
  0x00007fc9605cfc00 JavaThread "AWT-XAWT" daemon [_thread_blocked, id=41855, stack(0x00007fc93021e000,0x00007fc93031f000)]
  0x00007fc960788b90 JavaThread "AWT-Shutdown" [_thread_blocked, id=41861, stack(0x00007fc8e27a1000,0x00007fc8e28a2000)]
=>0x00007fc96076b2d0 JavaThread "AWT-EventQueue-0" [_thread_in_native, id=41862, stack(0x00007fc8e26a0000,0x00007fc8e27a1000)]
  0x00007fc9607713c0 JavaThread "Galethread 2" [_thread_blocked, id=41863, stack(0x00007fc8e259f000,0x00007fc8e26a0000)]
  0x00007fc960019660 JavaThread "DestroyJavaVM" [_thread_blocked, id=41823, stack(0x00007fc967fc2000,0x00007fc9680c3000)]
  0x00007fc8ac0496c0 JavaThread "XToolkt-Shutdown-Thread" [_thread_blocked, id=41864, stack(0x00007fc8e1ea9000,0x00007fc8e1faa000)]

Other Threads:
  0x00007fc9601f8cf0 VMThread "VM Thread" [stack: 0x00007fc96420f000,0x00007fc96430f000] [id=41830]
  0x00007fc9604bbac0 WatcherThread [stack: 0x00007fc931afb000,0x00007fc931bfb000] [id=41850]
  0x00007fc96006a5b0 GCTaskThread "GC Thread#0" [stack: 0x00007fc965a40000,0x00007fc965b40000] [id=41825]
  0x00007fc9280010f0 GCTaskThread "GC Thread#1" [stack: 0x00007fc8e2cac000,0x00007fc8e2dac000] [id=41856]
  0x00007fc928001e90 GCTaskThread "GC Thread#2" [stack: 0x00007fc8e2baa000,0x00007fc8e2caa000] [id=41857]
  0x00007fc928002c60 GCTaskThread "GC Thread#3" [stack: 0x00007fc8e2aa8000,0x00007fc8e2ba8000] [id=41858]
  0x00007fc928003a30 GCTaskThread "GC Thread#4" [stack: 0x00007fc8e29a6000,0x00007fc8e2aa6000] [id=41859]
  0x00007fc928004800 GCTaskThread "GC Thread#5" [stack: 0x00007fc8e28a4000,0x00007fc8e29a4000] [id=41860]
  0x00007fc9280088d0 GCTaskThread "GC Thread#6" [stack: 0x00007fc89c0f9000,0x00007fc89c1f9000] [id=41884]
  0x00007fc928009280 GCTaskThread "GC Thread#7" [stack: 0x00007fc8940f8000,0x00007fc8941f8000] [id=41885]
  0x00007fc92800a290 GCTaskThread "GC Thread#8" [stack: 0x00007fc85defc000,0x00007fc85dffc000] [id=41886]
  0x00007fc9280064e0 GCTaskThread "GC Thread#9" [stack: 0x00007fc85ddfa000,0x00007fc85defa000] [id=41887]
  0x00007fc96007b990 ConcurrentGCThread "G1 Main Marker" [stack: 0x00007fc96593e000,0x00007fc965a3e000] [id=41826]
  0x00007fc96007cc20 ConcurrentGCThread "G1 Conc#0" [stack: 0x00007fc96583c000,0x00007fc96593c000] [id=41827]
  0x00007fc934000e80 ConcurrentGCThread "G1 Conc#1" [stack: 0x00007fc85dcf8000,0x00007fc85ddf8000] [id=41888]
  0x00007fc934002050 ConcurrentGCThread "G1 Conc#2" [stack: 0x00007fc85dbf6000,0x00007fc85dcf6000] [id=41889]
  0x00007fc96013c720 ConcurrentGCThread "G1 Refine#0" [stack: 0x00007fc964d30000,0x00007fc964e30000] [id=41828]
  0x00007fc96013d930 ConcurrentGCThread "G1 Young RemSet Sampling" [stack: 0x00007fc964c2e000,0x00007fc964d2e000] [id=41829]

Threads with active compile tasks:
C2 CompilerThread0      702 1420       4       org.eclipse.jdt.launching.internal.org.objectweb.asm.ClassReader::readMethod (1061 bytes)
C2 CompilerThread1      702 1434       4       org.eclipse.jdt.launching.internal.org.objectweb.asm.MethodWriter::<init> (232 bytes)
C2 CompilerThread2      702 1432       4       org.eclipse.jdt.launching.internal.org.objectweb.asm.MethodWriter::canCopyMethodAttributes (163 bytes)

VM state: not at safepoint (normal execution)

VM Mutex/Monitor currently owned by a thread: None

Heap address: 0x0000000705a00000, size: 4006 MB, Compressed Oops mode: Zero based, Oop shift amount: 3
CDS disabled.
Compressed class space mapped at: 0x0000000800000000-0x0000000840000000, size: 1073741824
Narrow klass base: 0x0000000800000000, Narrow klass shift: 0, Narrow klass range: 0x40000000

GC Precious Log:
 CPUs: 12 total, 12 available
 Memory: 16017M
 Large Page Support: Disabled
 NUMA Support: Disabled
 Compressed Oops: Enabled (Zero based)
 Heap Region Size: 2M
 Heap Min Capacity: 8M
 Heap Initial Capacity: 252M
 Heap Max Capacity: 4006M
 Pre-touch: Disabled
 Parallel Workers: 10
 Concurrent Workers: 3
 Concurrent Refinement Workers: 10
 Periodic GC: Disabled

Heap:
 garbage-first heap   total 20480K, used 11789K [0x0000000705a00000, 0x0000000800000000)
  region size 2048K, 7 young (14336K), 2 survivors (4096K)
 Metaspace       used 22031K, capacity 22268K, committed 22576K, reserved 1071104K
  class space    used 1844K, capacity 1920K, committed 1920K, reserved 1048576K

Heap Regions: E=young(eden), S=young(survivor), O=old, HS=humongous(starts), HC=humongous(continues), CS=collection set, F=free, OA=open archive, CA=closed archive, TAMS=top-at-mark-start (previous, next)
|   0|0x0000000705a00000, 0x0000000705a00000, 0x0000000705c00000|  0%| F|  |TAMS 0x0000000705a00000, 0x0000000705a00000| Untracked 
|   1|0x0000000705c00000, 0x0000000705c00000, 0x0000000705e00000|  0%| F|  |TAMS 0x0000000705c00000, 0x0000000705c00000| Untracked 
|   2|0x0000000705e00000, 0x0000000705e00000, 0x0000000706000000|  0%| F|  |TAMS 0x0000000705e00000, 0x0000000705e00000| Untracked 
|   3|0x0000000706000000, 0x00000007061f4b30, 0x0000000706200000| 97%| E|  |TAMS 0x0000000706000000, 0x0000000706000000| Complete 
|   4|0x0000000706200000, 0x0000000706400000, 0x0000000706400000|100%| E|CS|TAMS 0x0000000706200000, 0x0000000706200000| Complete 
|   5|0x0000000706400000, 0x0000000706600000, 0x0000000706600000|100%| E|CS|TAMS 0x0000000706400000, 0x0000000706400000| Complete 
|   6|0x0000000706600000, 0x0000000706800000, 0x0000000706800000|100%| E|CS|TAMS 0x0000000706600000, 0x0000000706600000| Complete 
| 111|0x0000000713800000, 0x0000000713983770, 0x0000000713a00000| 75%| S|CS|TAMS 0x0000000713800000, 0x0000000713800000| Complete 
| 112|0x0000000713a00000, 0x0000000713c00000, 0x0000000713c00000|100%| S|CS|TAMS 0x0000000713a00000, 0x0000000713a00000| Complete 
| 125|0x0000000715400000, 0x0000000715600000, 0x0000000715600000|100%| E|CS|TAMS 0x0000000715400000, 0x0000000715400000| Complete 

Card table byte_map: [0x00007fc966395000,0x00007fc966b68000] _byte_map_base: 0x00007fc962b68000

Marking Bits (Prev, Next): (CMBitMap*) 0x00007fc96006b390, (CMBitMap*) 0x00007fc96006b350
 Prev Bits: [0x00007fc940e6a000, 0x00007fc944d02000)
 Next Bits: [0x00007fc944d02000, 0x00007fc948b9a000)

Polling page: 0x00007fc969874000

Metaspace:

Usage:
  Non-class:     19.87 MB capacity,    19.71 MB (>99%) used,   133.76 KB ( <1%) free+waste,    26.75 KB ( <1%) overhead. 
      Class:      1.88 MB capacity,     1.80 MB ( 96%) used,    67.48 KB (  4%) free+waste,     8.38 KB ( <1%) overhead. 
       Both:     21.75 MB capacity,    21.52 MB ( 99%) used,   201.23 KB ( <1%) free+waste,    35.12 KB ( <1%) overhead. 

Virtual space:
  Non-class space:       22.00 MB reserved,      20.17 MB ( 92%) committed 
      Class space:        1.00 GB reserved,       1.88 MB ( <1%) committed 
             Both:        1.02 GB reserved,      22.05 MB (  2%) committed 

Chunk freelists:
   Non-Class:  308.00 KB
       Class:  0 bytes
        Both:  308.00 KB

MaxMetaspaceSize: 17179869184.00 GB
CompressedClassSpaceSize: 1.00 GB

CodeHeap 'non-profiled nmethods': size=120028Kb used=564Kb max_used=564Kb free=119463Kb
 bounds [0x00007fc950663000, 0x00007fc9508d3000, 0x00007fc957b9a000]
CodeHeap 'profiled nmethods': size=120028Kb used=2629Kb max_used=2629Kb free=117398Kb
 bounds [0x00007fc94912c000, 0x00007fc9493cc000, 0x00007fc950663000]
CodeHeap 'non-nmethods': size=5704Kb used=1756Kb max_used=1785Kb free=3947Kb
 bounds [0x00007fc948b9a000, 0x00007fc948e0a000, 0x00007fc94912c000]
 total_blobs=2668 nmethods=1558 adapters=1024
 compilation: enabled
              stopped_count=0, restarted_count=0
 full_count=0

Compilation events (20 events):
Event: 0.683 Thread 0x00007fc96022fad0 nmethod 1555 0x00007fc9493b6f90 code [0x00007fc9493b7120, 0x00007fc9493b7280]
Event: 0.683 Thread 0x00007fc96022fad0 1556       3       java.nio.CharBuffer::toString (13 bytes)
Event: 0.683 Thread 0x00007fc96022fad0 nmethod 1556 0x00007fc9493b7390 code [0x00007fc9493b7520, 0x00007fc9493b7720]
Event: 0.683 Thread 0x00007fc96022fad0 1557       3       io.scenarium.logger.Logger::spaces (14 bytes)
Event: 0.684 Thread 0x00007fc96022fad0 nmethod 1557 0x00007fc9493b7810 code [0x00007fc9493b79e0, 0x00007fc9493b7d20]
Event: 0.684 Thread 0x00007fc96022fad0 1558       3       java.nio.CharBuffer::hasArray (20 bytes)
Event: 0.684 Thread 0x00007fc96022fad0 nmethod 1558 0x00007fc9493b7e90 code [0x00007fc9493b8020, 0x00007fc9493b81b0]
Event: 0.684 Thread 0x00007fc96022fad0 1559       3       java.nio.charset.CoderResult::isOverflow (14 bytes)
Event: 0.684 Thread 0x00007fc96022fad0 nmethod 1559 0x00007fc9493b8210 code [0x00007fc9493b83a0, 0x00007fc9493b84f0]
Event: 0.684 Thread 0x00007fc96022fad0 1560       3       java.io.FileDescriptor$1::getAppend (5 bytes)
Event: 0.684 Thread 0x00007fc96022fad0 nmethod 1560 0x00007fc9493b8590 code [0x00007fc9493b8720, 0x00007fc9493b8830]
Event: 0.684 Thread 0x00007fc96022fad0 1562   !   3       java.nio.charset.CharsetEncoder::encode (285 bytes)
Event: 0.685 Thread 0x00007fc96022fad0 nmethod 1562 0x00007fc9493b8910 code [0x00007fc9493b8c20, 0x00007fc9493b9fd0]
Event: 0.685 Thread 0x00007fc96022fad0 1563       3       sun.nio.cs.UTF_8$Encoder::encodeLoop (28 bytes)
Event: 0.685 Thread 0x00007fc96022fad0 nmethod 1563 0x00007fc9493ba690 code [0x00007fc9493ba860, 0x00007fc9493bac70]
Event: 0.685 Thread 0x00007fc96022fad0 1564       3       java.io.BufferedOutputStream::flushBuffer (29 bytes)
Event: 0.685 Thread 0x00007fc96022fad0 nmethod 1564 0x00007fc9493bad90 code [0x00007fc9493baf20, 0x00007fc9493bb140]
Event: 0.685 Thread 0x00007fc96022fad0 1565       3       io.scenarium.logger.Logger::printElement (79 bytes)
Event: 0.686 Thread 0x00007fc96022fad0 nmethod 1565 0x00007fc9493bb210 code [0x00007fc9493bb4a0, 0x00007fc9493bc040]
Event: 0.686 Thread 0x00007fc96022fad0 1561   !   3       java.io.BufferedWriter::flushBuffer (53 bytes)

GC Heap History (4 events):
Event: 0.474 GC heap before
{Heap before GC invocations=0 (full 0):
 garbage-first heap   total 258048K, used 20480K [0x0000000705a00000, 0x0000000800000000)
  region size 2048K, 11 young (22528K), 0 survivors (0K)
 Metaspace       used 16476K, capacity 16708K, committed 17024K, reserved 1064960K
  class space    used 1530K, capacity 1598K, committed 1664K, reserved 1048576K
}
Event: 0.477 GC heap after
{Heap after GC invocations=1 (full 0):
 garbage-first heap   total 258048K, used 2624K [0x0000000705a00000, 0x0000000800000000)
  region size 2048K, 2 young (4096K), 2 survivors (4096K)
 Metaspace       used 16476K, capacity 16708K, committed 17024K, reserved 1064960K
  class space    used 1530K, capacity 1598K, committed 1664K, reserved 1048576K
}
Event: 0.626 GC heap before
{Heap before GC invocations=1 (full 0):
 garbage-first heap   total 258048K, used 21056K [0x0000000705a00000, 0x0000000800000000)
  region size 2048K, 13 young (26624K), 2 survivors (4096K)
 Metaspace       used 20778K, capacity 20956K, committed 21296K, reserved 1069056K
  class space    used 1794K, capacity 1888K, committed 1920K, reserved 1048576K
}
Event: 0.630 GC heap after
{Heap after GC invocations=2 (full 0):
 garbage-first heap   total 258048K, used 3597K [0x0000000705a00000, 0x0000000800000000)
  region size 2048K, 2 young (4096K), 2 survivors (4096K)
 Metaspace       used 20778K, capacity 20956K, committed 21296K, reserved 1069056K
  class space    used 1794K, capacity 1888K, committed 1920K, reserved 1048576K
}

Deoptimization events (20 events):
Event: 0.679 Thread 0x00007fc96076b2d0 DEOPT PACKING pc=0x00007fc94918fad4 sp=0x00007fc8e279ec20
Event: 0.679 Thread 0x00007fc96076b2d0 DEOPT UNPACKING pc=0x00007fc948be7f2b sp=0x00007fc8e279e0f0 mode 1
Event: 0.679 Thread 0x00007fc96076b2d0 DEOPT PACKING pc=0x00007fc94918f33c sp=0x00007fc8e279ec90
Event: 0.679 Thread 0x00007fc96076b2d0 DEOPT UNPACKING pc=0x00007fc948be7f2b sp=0x00007fc8e279e1a8 mode 1
Event: 0.680 Thread 0x00007fc96076b2d0 DEOPT PACKING pc=0x00007fc9492393ac sp=0x00007fc8e279ead0
Event: 0.680 Thread 0x00007fc96076b2d0 DEOPT UNPACKING pc=0x00007fc948be7f2b sp=0x00007fc8e279dfa8 mode 1
Event: 0.680 Thread 0x00007fc96076b2d0 DEOPT PACKING pc=0x00007fc949190804 sp=0x00007fc8e279eba0
Event: 0.680 Thread 0x00007fc96076b2d0 DEOPT UNPACKING pc=0x00007fc948be7f2b sp=0x00007fc8e279e080 mode 1
Event: 0.680 Thread 0x00007fc96076b2d0 DEOPT PACKING pc=0x00007fc94918fad4 sp=0x00007fc8e279ec20
Event: 0.680 Thread 0x00007fc96076b2d0 DEOPT UNPACKING pc=0x00007fc948be7f2b sp=0x00007fc8e279e0f0 mode 1
Event: 0.680 Thread 0x00007fc96076b2d0 DEOPT PACKING pc=0x00007fc94918f33c sp=0x00007fc8e279ec90
Event: 0.680 Thread 0x00007fc96076b2d0 DEOPT UNPACKING pc=0x00007fc948be7f2b sp=0x00007fc8e279e1a8 mode 1
Event: 0.682 Thread 0x00007fc96076b2d0 DEOPT PACKING pc=0x00007fc9492393ac sp=0x00007fc8e279ead0
Event: 0.682 Thread 0x00007fc96076b2d0 DEOPT UNPACKING pc=0x00007fc948be7f2b sp=0x00007fc8e279dfa8 mode 1
Event: 0.682 Thread 0x00007fc96076b2d0 DEOPT PACKING pc=0x00007fc949190804 sp=0x00007fc8e279eba0
Event: 0.682 Thread 0x00007fc96076b2d0 DEOPT UNPACKING pc=0x00007fc948be7f2b sp=0x00007fc8e279e080 mode 1
Event: 0.682 Thread 0x00007fc96076b2d0 DEOPT PACKING pc=0x00007fc94918fad4 sp=0x00007fc8e279ec20
Event: 0.682 Thread 0x00007fc96076b2d0 DEOPT UNPACKING pc=0x00007fc948be7f2b sp=0x00007fc8e279e0f0 mode 1
Event: 0.682 Thread 0x00007fc96076b2d0 DEOPT PACKING pc=0x00007fc94918f33c sp=0x00007fc8e279ec90
Event: 0.682 Thread 0x00007fc96076b2d0 DEOPT UNPACKING pc=0x00007fc948be7f2b sp=0x00007fc8e279e1a8 mode 1

Classes unloaded (0 events):
No events

Classes redefined (0 events):
No events

Internal exceptions (20 events):
Event: 0.516 Thread 0x00007fc96076b2d0 Exception <a 'sun/nio/fs/UnixException'{0x000000071501f768}> (0x000000071501f768) 
thrown [src/hotspot/share/prims/jni.cpp, line 578]
Event: 0.516 Thread 0x00007fc96076b2d0 Exception <a 'sun/nio/fs/UnixException'{0x0000000715020698}> (0x0000000715020698) 
thrown [src/hotspot/share/prims/jni.cpp, line 578]
Event: 0.516 Thread 0x00007fc96076b2d0 Exception <a 'sun/nio/fs/UnixException'{0x00000007150211a8}> (0x00000007150211a8) 
thrown [src/hotspot/share/prims/jni.cpp, line 578]
Event: 0.517 Thread 0x00007fc96076b2d0 Exception <a 'sun/nio/fs/UnixException'{0x0000000715021a78}> (0x0000000715021a78) 
thrown [src/hotspot/share/prims/jni.cpp, line 578]
Event: 0.517 Thread 0x00007fc96076b2d0 Exception <a 'sun/nio/fs/UnixException'{0x0000000715022598}> (0x0000000715022598) 
thrown [src/hotspot/share/prims/jni.cpp, line 578]
Event: 0.517 Thread 0x00007fc96076b2d0 Exception <a 'sun/nio/fs/UnixException'{0x0000000715022f88}> (0x0000000715022f88) 
thrown [src/hotspot/share/prims/jni.cpp, line 578]
Event: 0.517 Thread 0x00007fc96076b2d0 Exception <a 'sun/nio/fs/UnixException'{0x0000000715023850}> (0x0000000715023850) 
thrown [src/hotspot/share/prims/jni.cpp, line 578]
Event: 0.518 Thread 0x00007fc96076b2d0 Exception <a 'sun/nio/fs/UnixException'{0x000000071502ba40}> (0x000000071502ba40) 
thrown [src/hotspot/share/prims/jni.cpp, line 578]
Event: 0.518 Thread 0x00007fc96076b2d0 Exception <a 'sun/nio/fs/UnixException'{0x000000071502c678}> (0x000000071502c678) 
thrown [src/hotspot/share/prims/jni.cpp, line 578]
Event: 0.518 Thread 0x00007fc96076b2d0 Exception <a 'sun/nio/fs/UnixException'{0x000000071502d050}> (0x000000071502d050) 
thrown [src/hotspot/share/prims/jni.cpp, line 578]
Event: 0.518 Thread 0x00007fc96076b2d0 Exception <a 'sun/nio/fs/UnixException'{0x000000071502d8b8}> (0x000000071502d8b8) 
thrown [src/hotspot/share/prims/jni.cpp, line 578]
Event: 0.518 Thread 0x00007fc96076b2d0 Exception <a 'sun/nio/fs/UnixException'{0x000000071502e1d8}> (0x000000071502e1d8) 
thrown [src/hotspot/share/prims/jni.cpp, line 578]
Event: 0.518 Thread 0x00007fc96076b2d0 Exception <a 'sun/nio/fs/UnixException'{0x000000071502eaf8}> (0x000000071502eaf8) 
thrown [src/hotspot/share/prims/jni.cpp, line 578]
Event: 0.518 Thread 0x00007fc96076b2d0 Exception <a 'sun/nio/fs/UnixException'{0x000000071502f358}> (0x000000071502f358) 
thrown [src/hotspot/share/prims/jni.cpp, line 578]
Event: 0.518 Thread 0x00007fc9607713c0 Exception <a 'sun/nio/fs/UnixException'{0x00000007150e9c18}> (0x00000007150e9c18) 
thrown [src/hotspot/share/prims/jni.cpp, line 578]
Event: 0.518 Thread 0x00007fc96076b2d0 Exception <a 'sun/nio/fs/UnixException'{0x0000000715030038}> (0x0000000715030038) 
thrown [src/hotspot/share/prims/jni.cpp, line 578]
Event: 0.670 Thread 0x00007fc96076b2d0 Exception <a 'sun/nio/fs/UnixException'{0x0000000706029d98}> (0x0000000706029d98) 
thrown [src/hotspot/share/prims/jni.cpp, line 578]
Event: 0.679 Thread 0x00007fc96076b2d0 Exception <a 'sun/nio/fs/UnixException'{0x0000000706128730}> (0x0000000706128730) 
thrown [src/hotspot/share/prims/jni.cpp, line 578]
Event: 0.680 Thread 0x00007fc96076b2d0 Exception <a 'sun/nio/fs/UnixException'{0x0000000706140700}> (0x0000000706140700) 
thrown [src/hotspot/share/prims/jni.cpp, line 578]
Event: 0.682 Thread 0x00007fc96076b2d0 Exception <a 'sun/nio/fs/UnixException'{0x00000007061595e0}> (0x00000007061595e0) 
thrown [src/hotspot/share/prims/jni.cpp, line 578]

Events (20 events):
Event: 0.630 Executing VM operation: CollectForMetadataAllocation done
Event: 0.630 Executing VM operation: HandshakeAllThreads
Event: 0.630 Executing VM operation: HandshakeAllThreads done
Event: 0.631 Executing VM operation: G1Concurrent
Event: 0.633 Executing VM operation: G1Concurrent done
Event: 0.633 Executing VM operation: HandshakeAllThreads
Event: 0.633 Executing VM operation: HandshakeAllThreads done
Event: 0.633 Executing VM operation: G1Concurrent
Event: 0.633 Executing VM operation: G1Concurrent done
Event: 0.639 Loaded shared library /usr/lib/jvm/java-15-openjdk/lib/libzip.so
Event: 0.659 loading class jdk/internal/reflect/UnsafeQualifiedLongFieldAccessorImpl
Event: 0.660 loading class jdk/internal/reflect/UnsafeQualifiedFieldAccessorImpl
Event: 0.660 loading class jdk/internal/reflect/UnsafeQualifiedFieldAccessorImpl done
Event: 0.660 loading class jdk/internal/reflect/UnsafeQualifiedLongFieldAccessorImpl done
Event: 0.671 loading class sun/nio/cs/StreamDecoder
Event: 0.671 loading class sun/nio/cs/StreamDecoder done
Event: 0.671 loading class sun/nio/cs/UTF_8$Decoder
Event: 0.671 loading class java/nio/charset/CharsetDecoder
Event: 0.672 loading class java/nio/charset/CharsetDecoder done
Event: 0.672 loading class sun/nio/cs/UTF_8$Decoder done


Dynamic libraries:
705a00000-706800000 rw-p 00000000 00:00 0 
706800000-713800000 ---p 00000000 00:00 0 
713800000-713c00000 rw-p 00000000 00:00 0 
713c00000-715400000 ---p 00000000 00:00 0 
715400000-715600000 rw-p 00000000 00:00 0 
715600000-800000000 ---p 00000000 00:00 0 
800000000-8001e0000 rw-p 00000000 00:00 0 
8001e0000-840000000 ---p 00000000 00:00 0 
55e03379b000-55e03379c000 r--p 00000000 103:03 3408574                   /usr/lib/jvm/java-15-openjdk/bin/java
55e03379c000-55e03379d000 r-xp 00001000 103:03 3408574                   /usr/lib/jvm/java-15-openjdk/bin/java
55e03379d000-55e03379e000 r--p 00002000 103:03 3408574                   /usr/lib/jvm/java-15-openjdk/bin/java
55e03379e000-55e03379f000 r--p 00002000 103:03 3408574                   /usr/lib/jvm/java-15-openjdk/bin/java
55e03379f000-55e0337a0000 rw-p 00003000 103:03 3408574                   /usr/lib/jvm/java-15-openjdk/bin/java
55e034e91000-55e034eb2000 rw-p 00000000 00:00 0                          [heap]
7fc830000000-7fc830021000 rw-p 00000000 00:00 0 
7fc830021000-7fc834000000 ---p 00000000 00:00 0 
7fc838000000-7fc838021000 rw-p 00000000 00:00 0 
7fc838021000-7fc83c000000 ---p 00000000 00:00 0 
7fc83c000000-7fc83c021000 rw-p 00000000 00:00 0 
7fc83c021000-7fc840000000 ---p 00000000 00:00 0 
7fc840000000-7fc840021000 rw-p 00000000 00:00 0 
7fc840021000-7fc844000000 ---p 00000000 00:00 0 
7fc844000000-7fc844021000 rw-p 00000000 00:00 0 
7fc844021000-7fc848000000 ---p 00000000 00:00 0 
7fc848000000-7fc848021000 rw-p 00000000 00:00 0 
7fc848021000-7fc84c000000 ---p 00000000 00:00 0 
7fc84c000000-7fc84c021000 rw-p 00000000 00:00 0 
7fc84c021000-7fc850000000 ---p 00000000 00:00 0 
7fc850000000-7fc850021000 rw-p 00000000 00:00 0 
7fc850021000-7fc854000000 ---p 00000000 00:00 0 
7fc854000000-7fc854021000 rw-p 00000000 00:00 0 
7fc854021000-7fc858000000 ---p 00000000 00:00 0 
7fc858000000-7fc858021000 rw-p 00000000 00:00 0 
7fc858021000-7fc85c000000 ---p 00000000 00:00 0 
7fc85d1d2000-7fc85d650000 rw-p 00000000 00:00 0 
7fc85d650000-7fc85d850000 rw-s 12bdf5000 00:05 561                       /dev/dri/card0
7fc85d850000-7fc85d890000 rw-p 00000000 00:00 0 
7fc85d890000-7fc85da50000 ---p 00000000 00:00 0 
7fc85dbf4000-7fc85dbf5000 ---p 00000000 00:00 0 
7fc85dbf5000-7fc85dcf6000 rw-p 00000000 00:00 0 
7fc85dcf6000-7fc85dcf7000 ---p 00000000 00:00 0 
7fc85dcf7000-7fc85ddf8000 rw-p 00000000 00:00 0 
7fc85ddf8000-7fc85ddf9000 ---p 00000000 00:00 0 
7fc85ddf9000-7fc85defa000 rw-p 00000000 00:00 0 
7fc85defa000-7fc85defb000 ---p 00000000 00:00 0 
7fc85defb000-7fc85dffc000 rw-p 00000000 00:00 0 
7fc85dffc000-7fc85dffd000 ---p 00000000 00:00 0 
7fc85dffd000-7fc85e7fd000 rw-p 00000000 00:00 0 
7fc85e7fd000-7fc85e7fe000 ---p 00000000 00:00 0 
7fc85e7fe000-7fc85effe000 rw-p 00000000 00:00 0 
7fc85effe000-7fc85efff000 ---p 00000000 00:00 0 
7fc85efff000-7fc85f7ff000 rw-p 00000000 00:00 0 
7fc85f7ff000-7fc85f800000 ---p 00000000 00:00 0 
7fc85f800000-7fc860000000 rw-p 00000000 00:00 0 
7fc860000000-7fc860021000 rw-p 00000000 00:00 0 
7fc860021000-7fc864000000 ---p 00000000 00:00 0 
7fc864000000-7fc864021000 rw-p 00000000 00:00 0 
7fc864021000-7fc868000000 ---p 00000000 00:00 0 
7fc868000000-7fc868071000 rw-p 00000000 00:00 0 
7fc868071000-7fc86c000000 ---p 00000000 00:00 0 
7fc86c000000-7fc86c021000 rw-p 00000000 00:00 0 
7fc86c021000-7fc870000000 ---p 00000000 00:00 0 
7fc870000000-7fc87006f000 rw-p 00000000 00:00 0 
7fc87006f000-7fc874000000 ---p 00000000 00:00 0 
7fc874000000-7fc874070000 rw-p 00000000 00:00 0 
7fc874070000-7fc878000000 ---p 00000000 00:00 0 
7fc878000000-7fc878071000 rw-p 00000000 00:00 0 
7fc878071000-7fc87c000000 ---p 00000000 00:00 0 
7fc87c000000-7fc87c071000 rw-p 00000000 00:00 0 
7fc87c071000-7fc880000000 ---p 00000000 00:00 0 
7fc880000000-7fc880084000 rw-p 00000000 00:00 0 
7fc880084000-7fc884000000 ---p 00000000 00:00 0 
7fc884000000-7fc88406f000 rw-p 00000000 00:00 0 
7fc88406f000-7fc888000000 ---p 00000000 00:00 0 
7fc888000000-7fc888021000 rw-p 00000000 00:00 0 
7fc888021000-7fc88c000000 ---p 00000000 00:00 0 
7fc88c000000-7fc88c021000 rw-p 00000000 00:00 0 
7fc88c021000-7fc890000000 ---p 00000000 00:00 0 
7fc890000000-7fc890021000 rw-p 00000000 00:00 0 
7fc890021000-7fc894000000 ---p 00000000 00:00 0 
7fc8940f6000-7fc8940f7000 ---p 00000000 00:00 0 
7fc8940f7000-7fc8943e4000 rw-p 00000000 00:00 0 
7fc8943e4000-7fc8943f8000 ---p 00000000 00:00 0 
7fc8943f9000-7fc8947f9000 rw-s 10cf58000 00:05 561                       /dev/dri/card0
7fc8947f9000-7fc8947fa000 ---p 00000000 00:00 0 
7fc8947fa000-7fc894ffa000 rw-p 00000000 00:00 0 
7fc894ffa000-7fc894ffb000 ---p 00000000 00:00 0 
7fc894ffb000-7fc8957fb000 rw-p 00000000 00:00 0 
7fc8957fb000-7fc8957fc000 ---p 00000000 00:00 0 
7fc8957fc000-7fc895ffc000 rw-p 00000000 00:00 0 
7fc895ffc000-7fc895ffd000 ---p 00000000 00:00 0 
7fc895ffd000-7fc8967fd000 rw-p 00000000 00:00 0 
7fc8967fd000-7fc8967fe000 ---p 00000000 00:00 0 
7fc8967fe000-7fc896ffe000 rw-p 00000000 00:00 0 
7fc896ffe000-7fc896fff000 ---p 00000000 00:00 0 
7fc896fff000-7fc8977ff000 rw-p 00000000 00:00 0 
7fc8977ff000-7fc897800000 ---p 00000000 00:00 0 
7fc897800000-7fc898000000 rw-p 00000000 00:00 0 
7fc898000000-7fc898021000 rw-p 00000000 00:00 0 
7fc898021000-7fc89c000000 ---p 00000000 00:00 0 
7fc89c0f7000-7fc89c0f8000 ---p 00000000 00:00 0 
7fc89c0f8000-7fc89c1f9000 rw-p 00000000 00:00 0 
7fc89c1f9000-7fc89c3f9000 rw-s 10d358000 00:05 561                       /dev/dri/card0
7fc89c3f9000-7fc89c5f9000 rw-s 129889000 00:05 561                       /dev/dri/card0
7fc89c5f9000-7fc89c7f9000 rw-s 12a31e000 00:05 561                       /dev/dri/card0
7fc89c7f9000-7fc89c7fa000 ---p 00000000 00:00 0 
7fc89c7fa000-7fc89cffa000 rw-p 00000000 00:00 0 
7fc89cffa000-7fc89cffb000 ---p 00000000 00:00 0 
7fc89cffb000-7fc89d7fb000 rw-p 00000000 00:00 0 
7fc89d7fb000-7fc89d7fc000 ---p 00000000 00:00 0 
7fc89d7fc000-7fc89dffc000 rw-p 00000000 00:00 0 
7fc89dffc000-7fc89dffd000 ---p 00000000 00:00 0 
7fc89dffd000-7fc89e7fd000 rw-p 00000000 00:00 0 
7fc89e7fd000-7fc89e7fe000 ---p 00000000 00:00 0 
7fc89e7fe000-7fc89effe000 rw-p 00000000 00:00 0 
7fc89effe000-7fc89efff000 ---p 00000000 00:00 0 
7fc89efff000-7fc89f7ff000 rw-p 00000000 00:00 0 
7fc89f7ff000-7fc89f800000 ---p 00000000 00:00 0 
7fc89f800000-7fc8a0000000 rw-p 00000000 00:00 0 
7fc8a0000000-7fc8a0021000 rw-p 00000000 00:00 0 
7fc8a0021000-7fc8a4000000 ---p 00000000 00:00 0 
7fc8a4070000-7fc8a4071000 ---p 00000000 00:00 0 
7fc8a4071000-7fc8a4871000 rw-p 00000000 00:00 0 
7fc8a4871000-7fc8a63b1000 r--p 00000000 103:03 541187                    /usr/lib/libicudata.so.68.2
7fc8a63b1000-7fc8a63b2000 r--p 01b3f000 103:03 541187                    /usr/lib/libicudata.so.68.2
7fc8a63b2000-7fc8a6417000 r--p 00000000 103:03 541206                    /usr/lib/libicuuc.so.68.2
7fc8a6417000-7fc8a6503000 r-xp 00065000 103:03 541206                    /usr/lib/libicuuc.so.68.2
7fc8a6503000-7fc8a658b000 r--p 00151000 103:03 541206                    /usr/lib/libicuuc.so.68.2
7fc8a658b000-7fc8a659e000 r--p 001d8000 103:03 541206                    /usr/lib/libicuuc.so.68.2
7fc8a659e000-7fc8a659f000 rw-p 001eb000 103:03 541206                    /usr/lib/libicuuc.so.68.2
7fc8a659f000-7fc8a65a1000 rw-p 00000000 00:00 0 
7fc8a65a1000-7fc8a6df9000 r--p 00000000 103:03 546521                    /usr/lib/libLLVM-11.so
7fc8a6df9000-7fc8a9f58000 r-xp 00858000 103:03 546521                    /usr/lib/libLLVM-11.so
7fc8a9f58000-7fc8abb41000 r--p 039b7000 103:03 546521                    /usr/lib/libLLVM-11.so
7fc8abb41000-7fc8abf88000 r--p 0559f000 103:03 546521                    /usr/lib/libLLVM-11.so
7fc8abf88000-7fc8abf92000 rw-p 059e6000 103:03 546521                    /usr/lib/libLLVM-11.so
7fc8abf92000-7fc8ac000000 rw-p 00000000 00:00 0 
7fc8ac000000-7fc8ac054000 rw-p 00000000 00:00 0 
7fc8ac054000-7fc8b0000000 ---p 00000000 00:00 0 
7fc8b0000000-7fc8b0021000 rw-p 00000000 00:00 0 
7fc8b0021000-7fc8b4000000 ---p 00000000 00:00 0 
7fc8b4000000-7fc8b4021000 rw-p 00000000 00:00 0 
7fc8b4021000-7fc8b8000000 ---p 00000000 00:00 0 
7fc8b8000000-7fc8b8abe000 rw-p 00000000 00:00 0 
7fc8b8abe000-7fc8bc000000 ---p 00000000 00:00 0 
7fc8bc000000-7fc8bc021000 rw-p 00000000 00:00 0 
7fc8bc021000-7fc8c0000000 ---p 00000000 00:00 0 
7fc8c0000000-7fc8c0021000 rw-p 00000000 00:00 0 
7fc8c0021000-7fc8c4000000 ---p 00000000 00:00 0 
7fc8c4000000-7fc8c4021000 rw-p 00000000 00:00 0 
7fc8c4021000-7fc8c8000000 ---p 00000000 00:00 0 
7fc8c8000000-7fc8c8021000 rw-p 00000000 00:00 0 
7fc8c8021000-7fc8cc000000 ---p 00000000 00:00 0 
7fc8cc000000-7fc8cc021000 rw-p 00000000 00:00 0 
7fc8cc021000-7fc8d0000000 ---p 00000000 00:00 0 
7fc8d0000000-7fc8d0021000 rw-p 00000000 00:00 0 
7fc8d0021000-7fc8d4000000 ---p 00000000 00:00 0 
7fc8d4000000-7fc8d4021000 rw-p 00000000 00:00 0 
7fc8d4021000-7fc8d8000000 ---p 00000000 00:00 0 
7fc8d8000000-7fc8d8021000 rw-p 00000000 00:00 0 
7fc8d8021000-7fc8dc000000 ---p 00000000 00:00 0 
7fc8dc000000-7fc8dc021000 rw-p 00000000 00:00 0 
7fc8dc021000-7fc8e0000000 ---p 00000000 00:00 0 
7fc8e0000000-7fc8e0141000 rw-s 00000000 103:04 11405080                  /home/heero/.cache/mesa_shader_cache/index
7fc8e0141000-7fc8e0144000 r--p 00000000 103:03 537520                    /usr/lib/liblzma.so.5.2.5
7fc8e0144000-7fc8e015b000 r-xp 00003000 103:03 537520                    /usr/lib/liblzma.so.5.2.5
7fc8e015b000-7fc8e0166000 r--p 0001a000 103:03 537520                    /usr/lib/liblzma.so.5.2.5
7fc8e0166000-7fc8e0167000 ---p 00025000 103:03 537520                    /usr/lib/liblzma.so.5.2.5
7fc8e0167000-7fc8e0168000 r--p 00025000 103:03 537520                    /usr/lib/liblzma.so.5.2.5
7fc8e0168000-7fc8e0169000 rw-p 00026000 103:03 537520                    /usr/lib/liblzma.so.5.2.5
7fc8e0169000-7fc8e0197000 r--p 00000000 103:03 541224                    /usr/lib/libxml2.so.2.9.10
7fc8e0197000-7fc8e0280000 r-xp 0002e000 103:03 541224                    /usr/lib/libxml2.so.2.9.10
7fc8e0280000-7fc8e02cb000 r--p 00117000 103:03 541224                    /usr/lib/libxml2.so.2.9.10
7fc8e02cb000-7fc8e02d4000 r--p 00161000 103:03 541224                    /usr/lib/libxml2.so.2.9.10
7fc8e02d4000-7fc8e02d5000 rw-p 0016a000 103:03 541224                    /usr/lib/libxml2.so.2.9.10
7fc8e02d5000-7fc8e02d7000 rw-p 00000000 00:00 0 
7fc8e02d7000-7fc8e02ee000 r--p 00000000 103:03 528557                    /usr/lib/libncursesw.so.6.2
7fc8e02ee000-7fc8e032a000 r-xp 00017000 103:03 528557                    /usr/lib/libncursesw.so.6.2
7fc8e032a000-7fc8e0342000 r--p 00053000 103:03 528557                    /usr/lib/libncursesw.so.6.2
7fc8e0342000-7fc8e0347000 r--p 0006a000 103:03 528557                    /usr/lib/libncursesw.so.6.2
7fc8e0347000-7fc8e0348000 rw-p 0006f000 103:03 528557                    /usr/lib/libncursesw.so.6.2
7fc8e0348000-7fc8e0351000 r--p 00000000 103:03 556853                    /usr/lib/libedit.so.0.0.64
7fc8e0351000-7fc8e036e000 r-xp 00009000 103:03 556853                    /usr/lib/libedit.so.0.0.64
7fc8e036e000-7fc8e037c000 r--p 00026000 103:03 556853                    /usr/lib/libedit.so.0.0.64
7fc8e037c000-7fc8e037d000 ---p 00034000 103:03 556853                    /usr/lib/libedit.so.0.0.64
7fc8e037d000-7fc8e037f000 r--p 00034000 103:03 556853                    /usr/lib/libedit.so.0.0.64
7fc8e037f000-7fc8e0380000 rw-p 00036000 103:03 556853                    /usr/lib/libedit.so.0.0.64
7fc8e0380000-7fc8e0383000 rw-p 00000000 00:00 0 
7fc8e0383000-7fc8e0398000 r--p 00000000 103:03 574661                    /usr/lib/libvulkan.so.1.2.172
7fc8e0398000-7fc8e03ca000 r-xp 00015000 103:03 574661                    /usr/lib/libvulkan.so.1.2.172
7fc8e03ca000-7fc8e03de000 r--p 00047000 103:03 574661                    /usr/lib/libvulkan.so.1.2.172
7fc8e03de000-7fc8e03df000 ---p 0005b000 103:03 574661                    /usr/lib/libvulkan.so.1.2.172
7fc8e03df000-7fc8e03e2000 r--p 0005b000 103:03 574661                    /usr/lib/libvulkan.so.1.2.172
7fc8e03e2000-7fc8e03e3000 rw-p 0005e000 103:03 574661                    /usr/lib/libvulkan.so.1.2.172
7fc8e03e3000-7fc8e03e5000 r--p 00000000 103:03 556710                    /usr/lib/libdrm_nouveau.so.2.0.0
7fc8e03e5000-7fc8e03e9000 r-xp 00002000 103:03 556710                    /usr/lib/libdrm_nouveau.so.2.0.0
7fc8e03e9000-7fc8e03eb000 r--p 00006000 103:03 556710                    /usr/lib/libdrm_nouveau.so.2.0.0
7fc8e03eb000-7fc8e03ec000 r--p 00007000 103:03 556710                    /usr/lib/libdrm_nouveau.so.2.0.0
7fc8e03ec000-7fc8e03ed000 rw-p 00008000 103:03 556710                    /usr/lib/libdrm_nouveau.so.2.0.0
7fc8e03ed000-7fc8e03f0000 r--p 00000000 103:03 556699                    /usr/lib/libdrm_amdgpu.so.1.0.0
7fc8e03f0000-7fc8e03f5000 r-xp 00003000 103:03 556699                    /usr/lib/libdrm_amdgpu.so.1.0.0
7fc8e03f5000-7fc8e03f7000 r--p 00008000 103:03 556699                    /usr/lib/libdrm_amdgpu.so.1.0.0
7fc8e03f7000-7fc8e03f8000 r--p 00009000 103:03 556699                    /usr/lib/libdrm_amdgpu.so.1.0.0
7fc8e03f8000-7fc8e03f9000 rw-p 0000a000 103:03 556699                    /usr/lib/libdrm_amdgpu.so.1.0.0
7fc8e03f9000-7fc8e03fc000 r--p 00000000 103:03 539095                    /usr/lib/libelf-0.183.so
7fc8e03fc000-7fc8e040c000 r-xp 00003000 103:03 539095                    /usr/lib/libelf-0.183.so
7fc8e040c000-7fc8e0410000 r--p 00013000 103:03 539095                    /usr/lib/libelf-0.183.so
7fc8e0410000-7fc8e0411000 ---p 00017000 103:03 539095                    /usr/lib/libelf-0.183.so
7fc8e0411000-7fc8e0412000 r--p 00017000 103:03 539095                    /usr/lib/libelf-0.183.so
7fc8e0412000-7fc8e0413000 rw-p 00018000 103:03 539095                    /usr/lib/libelf-0.183.so
7fc8e0413000-7fc8e0415000 r--p 00000000 103:03 563895                    /usr/lib/libdrm_radeon.so.1.0.1
7fc8e0415000-7fc8e041c000 r-xp 00002000 103:03 563895                    /usr/lib/libdrm_radeon.so.1.0.1
7fc8e041c000-7fc8e0420000 r--p 00009000 103:03 563895                    /usr/lib/libdrm_radeon.so.1.0.1
7fc8e0420000-7fc8e0421000 r--p 0000c000 103:03 563895                    /usr/lib/libdrm_radeon.so.1.0.1
7fc8e0421000-7fc8e0422000 rw-p 0000d000 103:03 563895                    /usr/lib/libdrm_radeon.so.1.0.1
7fc8e0422000-7fc8e0425000 r--p 00000000 103:03 556918                    /usr/lib/libsensors.so.5.0.0
7fc8e0425000-7fc8e042c000 r-xp 00003000 103:03 556918                    /usr/lib/libsensors.so.5.0.0
7fc8e042c000-7fc8e0431000 r--p 0000a000 103:03 556918                    /usr/lib/libsensors.so.5.0.0
7fc8e0431000-7fc8e0432000 r--p 0000e000 103:03 556918                    /usr/lib/libsensors.so.5.0.0
7fc8e0432000-7fc8e0433000 rw-p 0000f000 103:03 556918                    /usr/lib/libsensors.so.5.0.0
7fc8e0433000-7fc8e0438000 r--p 00000000 103:03 541657                    /usr/lib/libzstd.so.1.4.9
7fc8e0438000-7fc8e04f8000 r-xp 00005000 103:03 541657                    /usr/lib/libzstd.so.1.4.9
7fc8e04f8000-7fc8e050b000 r--p 000c5000 103:03 541657                    /usr/lib/libzstd.so.1.4.9
7fc8e050b000-7fc8e050c000 r--p 000d7000 103:03 541657                    /usr/lib/libzstd.so.1.4.9
7fc8e050c000-7fc8e050d000 rw-p 000d8000 103:03 541657                    /usr/lib/libzstd.so.1.4.9
7fc8e050d000-7fc8e0622000 r--p 00000000 103:03 791747                    /usr/lib/dri/radeonsi_dri.so
7fc8e0622000-7fc8e156a000 r-xp 00115000 103:03 791747                    /usr/lib/dri/radeonsi_dri.so
7fc8e156a000-7fc8e19aa000 r--p 0105d000 103:03 791747                    /usr/lib/dri/radeonsi_dri.so
7fc8e19aa000-7fc8e1aa7000 r--p 0149c000 103:03 791747                    /usr/lib/dri/radeonsi_dri.so
7fc8e1aa7000-7fc8e1b3c000 rw-p 01599000 103:03 791747                    /usr/lib/dri/radeonsi_dri.so
7fc8e1b3c000-7fc8e1d71000 rw-p 00000000 00:00 0 
7fc8e1d71000-7fc8e1d74000 r--p 00000000 103:03 550926                    /usr/lib/libxcb-xfixes.so.0.0.0
7fc8e1d74000-7fc8e1d77000 r-xp 00003000 103:03 550926                    /usr/lib/libxcb-xfixes.so.0.0.0
7fc8e1d77000-7fc8e1d78000 r--p 00006000 103:03 550926                    /usr/lib/libxcb-xfixes.so.0.0.0
7fc8e1d78000-7fc8e1d79000 ---p 00007000 103:03 550926                    /usr/lib/libxcb-xfixes.so.0.0.0
7fc8e1d79000-7fc8e1d7a000 r--p 00007000 103:03 550926                    /usr/lib/libxcb-xfixes.so.0.0.0
7fc8e1d7a000-7fc8e1d7b000 rw-p 00008000 103:03 550926                    /usr/lib/libxcb-xfixes.so.0.0.0
7fc8e1d7b000-7fc8e1d7c000 r--p 00000000 103:03 556772                    /usr/lib/libxshmfence.so.1.0.0
7fc8e1d7c000-7fc8e1d7d000 r-xp 00001000 103:03 556772                    /usr/lib/libxshmfence.so.1.0.0
7fc8e1d7d000-7fc8e1d7e000 r--p 00002000 103:03 556772                    /usr/lib/libxshmfence.so.1.0.0
7fc8e1d7e000-7fc8e1d7f000 r--p 00002000 103:03 556772                    /usr/lib/libxshmfence.so.1.0.0
7fc8e1d7f000-7fc8e1d80000 rw-p 00003000 103:03 556772                    /usr/lib/libxshmfence.so.1.0.0
7fc8e1d80000-7fc8e1d83000 r--p 00000000 103:03 550919                    /usr/lib/libxcb-sync.so.1.0.0
7fc8e1d83000-7fc8e1d86000 r-xp 00003000 103:03 550919                    /usr/lib/libxcb-sync.so.1.0.0
7fc8e1d86000-7fc8e1d87000 r--p 00006000 103:03 550919                    /usr/lib/libxcb-sync.so.1.0.0
7fc8e1d87000-7fc8e1d88000 ---p 00007000 103:03 550919                    /usr/lib/libxcb-sync.so.1.0.0
7fc8e1d88000-7fc8e1d89000 r--p 00007000 103:03 550919                    /usr/lib/libxcb-sync.so.1.0.0
7fc8e1d89000-7fc8e1d8a000 rw-p 00008000 103:03 550919                    /usr/lib/libxcb-sync.so.1.0.0
7fc8e1d8a000-7fc8e1d8b000 r--p 00000000 103:03 550891                    /usr/lib/libxcb-present.so.0.0.0
7fc8e1d8b000-7fc8e1d8c000 r-xp 00001000 103:03 550891                    /usr/lib/libxcb-present.so.0.0.0
7fc8e1d8c000-7fc8e1d8d000 r--p 00002000 103:03 550891                    /usr/lib/libxcb-present.so.0.0.0
7fc8e1d8d000-7fc8e1d8e000 r--p 00002000 103:03 550891                    /usr/lib/libxcb-present.so.0.0.0
7fc8e1d8e000-7fc8e1d8f000 rw-p 00003000 103:03 550891                    /usr/lib/libxcb-present.so.0.0.0
7fc8e1d8f000-7fc8e1d91000 r--p 00000000 103:03 550885                    /usr/lib/libxcb-dri3.so.0.0.0
7fc8e1d91000-7fc8e1d92000 r-xp 00002000 103:03 550885                    /usr/lib/libxcb-dri3.so.0.0.0
7fc8e1d92000-7fc8e1d93000 r--p 00003000 103:03 550885                    /usr/lib/libxcb-dri3.so.0.0.0
7fc8e1d93000-7fc8e1d94000 r--p 00003000 103:03 550885                    /usr/lib/libxcb-dri3.so.0.0.0
7fc8e1d94000-7fc8e1d95000 rw-p 00004000 103:03 550885                    /usr/lib/libxcb-dri3.so.0.0.0
7fc8e1d95000-7fc8e1d99000 r--p 00000000 103:03 557795                    /usr/lib/libexpat.so.1.6.12
7fc8e1d99000-7fc8e1db6000 r-xp 00004000 103:03 557795                    /usr/lib/libexpat.so.1.6.12
7fc8e1db6000-7fc8e1dc0000 r--p 00021000 103:03 557795                    /usr/lib/libexpat.so.1.6.12
7fc8e1dc0000-7fc8e1dc1000 ---p 0002b000 103:03 557795                    /usr/lib/libexpat.so.1.6.12
7fc8e1dc1000-7fc8e1dc3000 r--p 0002b000 103:03 557795                    /usr/lib/libexpat.so.1.6.12
7fc8e1dc3000-7fc8e1dc4000 rw-p 0002d000 103:03 557795                    /usr/lib/libexpat.so.1.6.12
7fc8e1dc4000-7fc8e1dc5000 r--p 00000000 103:03 550916                    /usr/lib/libxcb-shm.so.0.0.0
7fc8e1dc5000-7fc8e1dc6000 r-xp 00001000 103:03 550916                    /usr/lib/libxcb-shm.so.0.0.0
7fc8e1dc6000-7fc8e1dc7000 r--p 00002000 103:03 550916                    /usr/lib/libxcb-shm.so.0.0.0
7fc8e1dc7000-7fc8e1dc8000 r--p 00002000 103:03 550916                    /usr/lib/libxcb-shm.so.0.0.0
7fc8e1dc8000-7fc8e1dc9000 rw-p 00003000 103:03 550916                    /usr/lib/libxcb-shm.so.0.0.0
7fc8e1dc9000-7fc8e1dca000 r--p 00000000 103:03 556746                    /usr/lib/libXxf86vm.so.1.0.0
7fc8e1dca000-7fc8e1dcd000 r-xp 00001000 103:03 556746                    /usr/lib/libXxf86vm.so.1.0.0
7fc8e1dcd000-7fc8e1dce000 r--p 00004000 103:03 556746                    /usr/lib/libXxf86vm.so.1.0.0
7fc8e1dce000-7fc8e1dcf000 r--p 00004000 103:03 556746                    /usr/lib/libXxf86vm.so.1.0.0
7fc8e1dcf000-7fc8e1dd0000 rw-p 00005000 103:03 556746                    /usr/lib/libXxf86vm.so.1.0.0
7fc8e1dd0000-7fc8e1dd2000 r--p 00000000 103:03 550882                    /usr/lib/libxcb-dri2.so.0.0.0
7fc8e1dd2000-7fc8e1dd4000 r-xp 00002000 103:03 550882                    /usr/lib/libxcb-dri2.so.0.0.0
7fc8e1dd4000-7fc8e1dd5000 r--p 00004000 103:03 550882                    /usr/lib/libxcb-dri2.so.0.0.0
7fc8e1dd5000-7fc8e1dd6000 r--p 00004000 103:03 550882                    /usr/lib/libxcb-dri2.so.0.0.0
7fc8e1dd6000-7fc8e1dd7000 rw-p 00005000 103:03 550882                    /usr/lib/libxcb-dri2.so.0.0.0
7fc8e1dd7000-7fc8e1de3000 r--p 00000000 103:03 550888                    /usr/lib/libxcb-glx.so.0.0.0
7fc8e1de3000-7fc8e1dec000 r-xp 0000c000 103:03 550888                    /usr/lib/libxcb-glx.so.0.0.0
7fc8e1dec000-7fc8e1df1000 r--p 00015000 103:03 550888                    /usr/lib/libxcb-glx.so.0.0.0
7fc8e1df1000-7fc8e1df2000 ---p 0001a000 103:03 550888                    /usr/lib/libxcb-glx.so.0.0.0
7fc8e1df2000-7fc8e1df4000 r--p 0001a000 103:03 550888                    /usr/lib/libxcb-glx.so.0.0.0
7fc8e1df4000-7fc8e1df5000 rw-p 0001c000 103:03 550888                    /usr/lib/libxcb-glx.so.0.0.0
7fc8e1df5000-7fc8e1e01000 r--p 00000000 103:03 562104                    /usr/lib/libglapi.so.0.0.0
7fc8e1e01000-7fc8e1e0f000 r-xp 0000c000 103:03 562104                    /usr/lib/libglapi.so.0.0.0
7fc8e1e0f000-7fc8e1e28000 r--p 0001a000 103:03 562104                    /usr/lib/libglapi.so.0.0.0
7fc8e1e28000-7fc8e1e29000 ---p 00033000 103:03 562104                    /usr/lib/libglapi.so.0.0.0
7fc8e1e29000-7fc8e1e2d000 r--p 00033000 103:03 562104                    /usr/lib/libglapi.so.0.0.0
7fc8e1e2d000-7fc8e1e2e000 rw-p 00037000 103:03 562104                    /usr/lib/libglapi.so.0.0.0
7fc8e1e2e000-7fc8e1e2f000 rw-p 00000000 00:00 0 
7fc8e1e2f000-7fc8e1e48000 r--p 00000000 103:03 553834                    /usr/lib/libGLX_mesa.so.0.0.0
7fc8e1e48000-7fc8e1e8d000 r-xp 00019000 103:03 553834                    /usr/lib/libGLX_mesa.so.0.0.0
7fc8e1e8d000-7fc8e1ea4000 r--p 0005e000 103:03 553834                    /usr/lib/libGLX_mesa.so.0.0.0
7fc8e1ea4000-7fc8e1ea5000 ---p 00075000 103:03 553834                    /usr/lib/libGLX_mesa.so.0.0.0
7fc8e1ea5000-7fc8e1ea8000 r--p 00075000 103:03 553834                    /usr/lib/libGLX_mesa.so.0.0.0
7fc8e1ea8000-7fc8e1ea9000 rw-p 00078000 103:03 553834                    /usr/lib/libGLX_mesa.so.0.0.0
7fc8e1ea9000-7fc8e1ead000 ---p 00000000 00:00 0 
7fc8e1ead000-7fc8e1faa000 rw-p 00000000 00:00 0 
7fc8e1faa000-7fc8e1fad000 r--p 00000000 103:03 557905                    /usr/lib/libGLX.so.0.0.0
7fc8e1fad000-7fc8e1fc7000 r-xp 00003000 103:03 557905                    /usr/lib/libGLX.so.0.0.0
7fc8e1fc7000-7fc8e1fca000 r--p 0001d000 103:03 557905                    /usr/lib/libGLX.so.0.0.0
7fc8e1fca000-7fc8e1fcb000 ---p 00020000 103:03 557905                    /usr/lib/libGLX.so.0.0.0
7fc8e1fcb000-7fc8e1fcc000 r--p 00020000 103:03 557905                    /usr/lib/libGLX.so.0.0.0
7fc8e1fcc000-7fc8e1fcd000 rw-p 00021000 103:03 557905                    /usr/lib/libGLX.so.0.0.0
7fc8e1fcd000-7fc8e1fdd000 rw-p 00000000 00:00 0 
7fc8e1fdd000-7fc8e201d000 r--p 00000000 103:03 557909                    /usr/lib/libGLdispatch.so.0.0.0
7fc8e201d000-7fc8e205b000 r-xp 00040000 103:03 557909                    /usr/lib/libGLdispatch.so.0.0.0
7fc8e205b000-7fc8e206e000 r--p 0007e000 103:03 557909                    /usr/lib/libGLdispatch.so.0.0.0
7fc8e206e000-7fc8e206f000 ---p 00091000 103:03 557909                    /usr/lib/libGLdispatch.so.0.0.0
7fc8e206f000-7fc8e208b000 r--p 00091000 103:03 557909                    /usr/lib/libGLdispatch.so.0.0.0
7fc8e208b000-7fc8e208c000 rw-p 000ad000 103:03 557909                    /usr/lib/libGLdispatch.so.0.0.0
7fc8e208c000-7fc8e2094000 rw-p 00000000 00:00 0 
7fc8e2094000-7fc8e20d6000 r--p 00000000 103:03 556981                    /usr/lib/libGL.so.1.7.0
7fc8e20d6000-7fc8e20f5000 r-xp 00042000 103:03 556981                    /usr/lib/libGL.so.1.7.0
7fc8e20f5000-7fc8e210a000 r--p 00061000 103:03 556981                    /usr/lib/libGL.so.1.7.0
7fc8e210a000-7fc8e2118000 r--p 00075000 103:03 556981                    /usr/lib/libGL.so.1.7.0
7fc8e2118000-7fc8e2119000 rw-p 00083000 103:03 556981                    /usr/lib/libGL.so.1.7.0
7fc8e2119000-7fc8e211a000 rw-p 00000000 00:00 0 
7fc8e2143000-7fc8e219b000 r-xp 00000000 00:31 2175                       /tmp/lwjglheero/3.2.3-build-13/liblwjgl_opengl.so
7fc8e219b000-7fc8e239a000 ---p 00058000 00:31 2175                       /tmp/lwjglheero/3.2.3-build-13/liblwjgl_opengl.so
7fc8e239a000-7fc8e239b000 r--p 00057000 00:31 2175                       /tmp/lwjglheero/3.2.3-build-13/liblwjgl_opengl.so
7fc8e239b000-7fc8e239c000 rw-p 00058000 00:31 2175                       /tmp/lwjglheero/3.2.3-build-13/liblwjgl_opengl.so
7fc8e239c000-7fc8e259c000 rw-p 00000000 00:00 0 
7fc8e259f000-7fc8e25a3000 ---p 00000000 00:00 0 
7fc8e25a3000-7fc8e26a0000 rw-p 00000000 00:00 0 
7fc8e26a0000-7fc8e26a4000 ---p 00000000 00:00 0 
7fc8e26a4000-7fc8e27a1000 rw-p 00000000 00:00 0 
7fc8e27a1000-7fc8e27a5000 ---p 00000000 00:00 0 
7fc8e27a5000-7fc8e28a2000 rw-p 00000000 00:00 0 
7fc8e28a2000-7fc8e28a3000 ---p 00000000 00:00 0 
7fc8e28a3000-7fc8e29a4000 rw-p 00000000 00:00 0 
7fc8e29a4000-7fc8e29a5000 ---p 00000000 00:00 0 
7fc8e29a5000-7fc8e2aa6000 rw-p 00000000 00:00 0 
7fc8e2aa6000-7fc8e2aa7000 ---p 00000000 00:00 0 
7fc8e2aa7000-7fc8e2ba8000 rw-p 00000000 00:00 0 
7fc8e2ba8000-7fc8e2ba9000 ---p 00000000 00:00 0 
7fc8e2ba9000-7fc8e2caa000 rw-p 00000000 00:00 0 
7fc8e2caa000-7fc8e2cab000 ---p 00000000 00:00 0 
7fc8e2cab000-7fc8e2dac000 rw-p 00000000 00:00 0 
7fc8e2dac000-7fc8e2dfd000 r-xp 00000000 00:31 2174                       /tmp/lwjglheero/3.2.3-build-13/liblwjgl.so
7fc8e2dfd000-7fc8e2ffc000 ---p 00051000 00:31 2174                       /tmp/lwjglheero/3.2.3-build-13/liblwjgl.so
7fc8e2ffc000-7fc8e2ffd000 r--p 00050000 00:31 2174                       /tmp/lwjglheero/3.2.3-build-13/liblwjgl.so
7fc8e2ffd000-7fc8e2ffe000 rw-p 00051000 00:31 2174                       /tmp/lwjglheero/3.2.3-build-13/liblwjgl.so
7fc8e2ffe000-7fc8e2fff000 ---p 00000000 00:00 0 
7fc8e2fff000-7fc8e37ff000 rw-p 00000000 00:00 0 
7fc8e37ff000-7fc8e3800000 ---p 00000000 00:00 0 
7fc8e3800000-7fc8e4000000 rw-p 00000000 00:00 0 
7fc8e4000000-7fc8e4021000 rw-p 00000000 00:00 0 
7fc8e4021000-7fc8e8000000 ---p 00000000 00:00 0 
7fc8e8000000-7fc8e8021000 rw-p 00000000 00:00 0 
7fc8e8021000-7fc8ec000000 ---p 00000000 00:00 0 
7fc8ec000000-7fc8ec021000 rw-p 00000000 00:00 0 
7fc8ec021000-7fc8f0000000 ---p 00000000 00:00 0 
7fc8f0000000-7fc8f0021000 rw-p 00000000 00:00 0 
7fc8f0021000-7fc8f4000000 ---p 00000000 00:00 0 
7fc8f4000000-7fc8f4021000 rw-p 00000000 00:00 0 
7fc8f4021000-7fc8f8000000 ---p 00000000 00:00 0 
7fc8f8000000-7fc8f8021000 rw-p 00000000 00:00 0 
7fc8f8021000-7fc8fc000000 ---p 00000000 00:00 0 
7fc8fc000000-7fc8fc826000 rw-p 00000000 00:00 0 
7fc8fc826000-7fc900000000 ---p 00000000 00:00 0 
7fc900000000-7fc9007c8000 rw-p 00000000 00:00 0 
7fc9007c8000-7fc904000000 ---p 00000000 00:00 0 
7fc904000000-7fc904021000 rw-p 00000000 00:00 0 
7fc904021000-7fc908000000 ---p 00000000 00:00 0 
7fc908000000-7fc908021000 rw-p 00000000 00:00 0 
7fc908021000-7fc90c000000 ---p 00000000 00:00 0 
7fc90c000000-7fc90cd0d000 rw-p 00000000 00:00 0 
7fc90cd0d000-7fc910000000 ---p 00000000 00:00 0 
7fc910000000-7fc9106f5000 rw-p 00000000 00:00 0 
7fc9106f5000-7fc914000000 ---p 00000000 00:00 0 
7fc914000000-7fc914021000 rw-p 00000000 00:00 0 
7fc914021000-7fc918000000 ---p 00000000 00:00 0 
7fc918000000-7fc918021000 rw-p 00000000 00:00 0 
7fc918021000-7fc91c000000 ---p 00000000 00:00 0 
7fc91c000000-7fc91c021000 rw-p 00000000 00:00 0 
7fc91c021000-7fc920000000 ---p 00000000 00:00 0 
7fc920000000-7fc920021000 rw-p 00000000 00:00 0 
7fc920021000-7fc924000000 ---p 00000000 00:00 0 
7fc924000000-7fc924021000 rw-p 00000000 00:00 0 
7fc924021000-7fc928000000 ---p 00000000 00:00 0 
7fc928000000-7fc928021000 rw-p 00000000 00:00 0 
7fc928021000-7fc92c000000 ---p 00000000 00:00 0 
7fc92c000000-7fc92c021000 rw-p 00000000 00:00 0 
7fc92c021000-7fc930000000 ---p 00000000 00:00 0 
7fc930002000-7fc930003000 r--p 00000000 103:03 548550                    /usr/lib/libX11-xcb.so.1.0.0
7fc930003000-7fc930004000 r-xp 00001000 103:03 548550                    /usr/lib/libX11-xcb.so.1.0.0
7fc930004000-7fc930005000 r--p 00002000 103:03 548550                    /usr/lib/libX11-xcb.so.1.0.0
7fc930005000-7fc930006000 r--p 00002000 103:03 548550                    /usr/lib/libX11-xcb.so.1.0.0
7fc930006000-7fc930007000 rw-p 00003000 103:03 548550                    /usr/lib/libX11-xcb.so.1.0.0
7fc930007000-7fc93000c000 r--p 00000000 103:03 556685                    /usr/lib/libdrm.so.2.4.0
7fc93000c000-7fc930016000 r-xp 00005000 103:03 556685                    /usr/lib/libdrm.so.2.4.0
7fc930016000-7fc93001a000 r--p 0000f000 103:03 556685                    /usr/lib/libdrm.so.2.4.0
7fc93001a000-7fc93001b000 r--p 00012000 103:03 556685                    /usr/lib/libdrm.so.2.4.0
7fc93001b000-7fc93001c000 rw-p 00013000 103:03 556685                    /usr/lib/libdrm.so.2.4.0
7fc93001c000-7fc93021c000 rw-p 00000000 00:00 0 
7fc93021e000-7fc930222000 ---p 00000000 00:00 0 
7fc930222000-7fc93031f000 rw-p 00000000 00:00 0 
7fc93031f000-7fc930323000 ---p 00000000 00:00 0 
7fc930323000-7fc930620000 rw-p 00000000 00:00 0 
7fc930622000-7fc930623000 ---p 00000000 00:00 0 
7fc930623000-7fc930e23000 rw-p 00000000 00:00 0 
7fc930e23000-7fc930e2a000 r--p 00000000 103:03 557605                    /usr/lib/libxfconf-0.so.3.0.0
7fc930e2a000-7fc930e35000 r-xp 00007000 103:03 557605                    /usr/lib/libxfconf-0.so.3.0.0
7fc930e35000-7fc930e3b000 r--p 00012000 103:03 557605                    /usr/lib/libxfconf-0.so.3.0.0
7fc930e3b000-7fc930e3d000 r--p 00017000 103:03 557605                    /usr/lib/libxfconf-0.so.3.0.0
7fc930e3d000-7fc930e3e000 rw-p 00019000 103:03 557605                    /usr/lib/libxfconf-0.so.3.0.0
7fc930e3e000-7fc930e3f000 r--p 00000000 103:03 3412782                   /usr/lib/jvm/java-15-openjdk/lib/libjawt.so
7fc930e3f000-7fc930e40000 r-xp 00001000 103:03 3412782                   /usr/lib/jvm/java-15-openjdk/lib/libjawt.so
7fc930e40000-7fc930e41000 r--p 00002000 103:03 3412782                   /usr/lib/jvm/java-15-openjdk/lib/libjawt.so
7fc930e41000-7fc930e42000 r--p 00002000 103:03 3412782                   /usr/lib/jvm/java-15-openjdk/lib/libjawt.so
7fc930e42000-7fc930e43000 rw-p 00003000 103:03 3412782                   /usr/lib/jvm/java-15-openjdk/lib/libjawt.so
7fc930e43000-7fc930e45000 r--p 00000000 103:03 555514                    /usr/lib/libXfixes.so.3.1.0
7fc930e45000-7fc930e48000 r-xp 00002000 103:03 555514                    /usr/lib/libXfixes.so.3.1.0
7fc930e48000-7fc930e49000 r--p 00005000 103:03 555514                    /usr/lib/libXfixes.so.3.1.0
7fc930e49000-7fc930e4a000 ---p 00006000 103:03 555514                    /usr/lib/libXfixes.so.3.1.0
7fc930e4a000-7fc930e4b000 r--p 00006000 103:03 555514                    /usr/lib/libXfixes.so.3.1.0
7fc930e4b000-7fc930e4c000 rw-p 00007000 103:03 555514                    /usr/lib/libXfixes.so.3.1.0
7fc930e4c000-7fc930e4f000 r--p 00000000 103:03 555518                    /usr/lib/libXcursor.so.1.0.2
7fc930e4f000-7fc930e54000 r-xp 00003000 103:03 555518                    /usr/lib/libXcursor.so.1.0.2
7fc930e54000-7fc930e56000 r--p 00008000 103:03 555518                    /usr/lib/libXcursor.so.1.0.2
7fc930e56000-7fc930e57000 r--p 00009000 103:03 555518                    /usr/lib/libXcursor.so.1.0.2
7fc930e57000-7fc930e58000 rw-p 0000a000 103:03 555518                    /usr/lib/libXcursor.so.1.0.2
7fc930e58000-7fc930e5c000 r--p 00000000 103:03 791741                    /usr/lib/gio/modules/libdconfsettings.so
7fc930e5c000-7fc930e62000 r-xp 00004000 103:03 791741                    /usr/lib/gio/modules/libdconfsettings.so
7fc930e62000-7fc930e65000 r--p 0000a000 103:03 791741                    /usr/lib/gio/modules/libdconfsettings.so
7fc930e65000-7fc930e66000 r--p 0000c000 103:03 791741                    /usr/lib/gio/modules/libdconfsettings.so
7fc930e66000-7fc930e67000 rw-p 0000d000 103:03 791741                    /usr/lib/gio/modules/libdconfsettings.so
7fc930e67000-7fc930e6a000 r--p 00000000 103:03 791414                    /usr/lib/gio/modules/libxfconfgsettingsbackend.so
7fc930e6a000-7fc930e6d000 r-xp 00003000 103:03 791414                    /usr/lib/gio/modules/libxfconfgsettingsbackend.so
7fc930e6d000-7fc930e6e000 r--p 00006000 103:03 791414                    /usr/lib/gio/modules/libxfconfgsettingsbackend.so
7fc930e6e000-7fc930e6f000 ---p 00007000 103:03 791414                    /usr/lib/gio/modules/libxfconfgsettingsbackend.so
7fc930e6f000-7fc930e70000 r--p 00007000 103:03 791414                    /usr/lib/gio/modules/libxfconfgsettingsbackend.so
7fc930e70000-7fc930e71000 rw-p 00008000 103:03 791414                    /usr/lib/gio/modules/libxfconfgsettingsbackend.so
7fc930e71000-7fc930e7a000 r--p 00000000 103:03 560647                    /usr/lib/libblkid.so.1.1.0
7fc930e7a000-7fc930eac000 r-xp 00009000 103:03 560647                    /usr/lib/libblkid.so.1.1.0
7fc930eac000-7fc930ebc000 r--p 0003b000 103:03 560647                    /usr/lib/libblkid.so.1.1.0
7fc930ebc000-7fc930ebd000 ---p 0004b000 103:03 560647                    /usr/lib/libblkid.so.1.1.0
7fc930ebd000-7fc930ec1000 r--p 0004b000 103:03 560647                    /usr/lib/libblkid.so.1.1.0
7fc930ec1000-7fc930ec2000 rw-p 0004f000 103:03 560647                    /usr/lib/libblkid.so.1.1.0
7fc930ec2000-7fc930ec4000 r--p 00000000 103:03 527743                    /usr/lib/libffi.so.7.1.0
7fc930ec4000-7fc930eca000 r-xp 00002000 103:03 527743                    /usr/lib/libffi.so.7.1.0
7fc930eca000-7fc930ecc000 r--p 00008000 103:03 527743                    /usr/lib/libffi.so.7.1.0
7fc930ecc000-7fc930ecd000 r--p 00009000 103:03 527743                    /usr/lib/libffi.so.7.1.0
7fc930ecd000-7fc930ece000 rw-p 0000a000 103:03 527743                    /usr/lib/libffi.so.7.1.0
7fc930ece000-7fc930ed2000 r--p 00000000 103:03 527823                    /usr/lib/libresolv-2.33.so
7fc930ed2000-7fc930ee0000 r-xp 00004000 103:03 527823                    /usr/lib/libresolv-2.33.so
7fc930ee0000-7fc930ee3000 r--p 00012000 103:03 527823                    /usr/lib/libresolv-2.33.so
7fc930ee3000-7fc930ee4000 ---p 00015000 103:03 527823                    /usr/lib/libresolv-2.33.so
7fc930ee4000-7fc930ee5000 r--p 00015000 103:03 527823                    /usr/lib/libresolv-2.33.so
7fc930ee5000-7fc930ee6000 rw-p 00016000 103:03 527823                    /usr/lib/libresolv-2.33.so
7fc930ee6000-7fc930ee8000 rw-p 00000000 00:00 0 
7fc930ee8000-7fc930ef4000 r--p 00000000 103:03 560879                    /usr/lib/libmount.so.1.1.0
7fc930ef4000-7fc930f30000 r-xp 0000c000 103:03 560879                    /usr/lib/libmount.so.1.1.0
7fc930f30000-7fc930f42000 r--p 00048000 103:03 560879                    /usr/lib/libmount.so.1.1.0
7fc930f42000-7fc930f43000 ---p 0005a000 103:03 560879                    /usr/lib/libmount.so.1.1.0
7fc930f43000-7fc930f45000 r--p 0005a000 103:03 560879                    /usr/lib/libmount.so.1.1.0
7fc930f45000-7fc930f46000 rw-p 0005c000 103:03 560879                    /usr/lib/libmount.so.1.1.0
7fc930f46000-7fc930f47000 r--p 00000000 103:03 541146                    /usr/lib/libgmodule-2.0.so.0.6800.0
7fc930f47000-7fc930f48000 r-xp 00001000 103:03 541146                    /usr/lib/libgmodule-2.0.so.0.6800.0
7fc930f48000-7fc930f49000 r--p 00002000 103:03 541146                    /usr/lib/libgmodule-2.0.so.0.6800.0
7fc930f49000-7fc930f4a000 r--p 00002000 103:03 541146                    /usr/lib/libgmodule-2.0.so.0.6800.0
7fc930f4a000-7fc930f4b000 rw-p 00003000 103:03 541146                    /usr/lib/libgmodule-2.0.so.0.6800.0
7fc930f4b000-7fc930f59000 r--p 00000000 103:03 541150                    /usr/lib/libgobject-2.0.so.0.6800.0
7fc930f59000-7fc930f88000 r-xp 0000e000 103:03 541150                    /usr/lib/libgobject-2.0.so.0.6800.0
7fc930f88000-7fc930fa0000 r--p 0003d000 103:03 541150                    /usr/lib/libgobject-2.0.so.0.6800.0
7fc930fa0000-7fc930fa1000 ---p 00055000 103:03 541150                    /usr/lib/libgobject-2.0.so.0.6800.0
7fc930fa1000-7fc930fa4000 r--p 00055000 103:03 541150                    /usr/lib/libgobject-2.0.so.0.6800.0
7fc930fa4000-7fc930fa5000 rw-p 00058000 103:03 541150                    /usr/lib/libgobject-2.0.so.0.6800.0
7fc930fa5000-7fc930fdc000 r--p 00000000 103:03 541133                    /usr/lib/libgio-2.0.so.0.6800.0
7fc930fdc000-7fc9310d9000 r-xp 00037000 103:03 541133                    /usr/lib/libgio-2.0.so.0.6800.0
7fc9310d9000-7fc931157000 r--p 00134000 103:03 541133                    /usr/lib/libgio-2.0.so.0.6800.0
7fc931157000-7fc931158000 ---p 001b2000 103:03 541133                    /usr/lib/libgio-2.0.so.0.6800.0
7fc931158000-7fc93115f000 r--p 001b2000 103:03 541133                    /usr/lib/libgio-2.0.so.0.6800.0
7fc93115f000-7fc931160000 rw-p 001b9000 103:03 541133                    /usr/lib/libgio-2.0.so.0.6800.0
7fc931160000-7fc931162000 rw-p 00000000 00:00 0 
7fc931162000-7fc931164000 r--p 00000000 103:03 555564                    /usr/lib/libXrandr.so.2.2.0
7fc931164000-7fc93116b000 r-xp 00002000 103:03 555564                    /usr/lib/libXrandr.so.2.2.0
7fc93116b000-7fc93116d000 r--p 00009000 103:03 555564                    /usr/lib/libXrandr.so.2.2.0
7fc93116d000-7fc93116e000 r--p 0000a000 103:03 555564                    /usr/lib/libXrandr.so.2.2.0
7fc93116e000-7fc93116f000 rw-p 0000b000 103:03 555564                    /usr/lib/libXrandr.so.2.2.0
7fc93116f000-7fc931171000 r--p 00000000 103:03 540935                    /usr/lib/libpcre.so.1.2.12
7fc931171000-7fc9311c1000 r-xp 00002000 103:03 540935                    /usr/lib/libpcre.so.1.2.12
7fc9311c1000-7fc9311df000 r--p 00052000 103:03 540935                    /usr/lib/libpcre.so.1.2.12
7fc9311df000-7fc9311e0000 r--p 0006f000 103:03 540935                    /usr/lib/libpcre.so.1.2.12
7fc9311e0000-7fc9311e1000 rw-p 00070000 103:03 540935                    /usr/lib/libpcre.so.1.2.12
7fc9311e1000-7fc9311fe000 r--p 00000000 103:03 541142                    /usr/lib/libglib-2.0.so.0.6800.0
7fc9311fe000-7fc93128a000 r-xp 0001d000 103:03 541142                    /usr/lib/libglib-2.0.so.0.6800.0
7fc93128a000-7fc931312000 r--p 000a9000 103:03 541142                    /usr/lib/libglib-2.0.so.0.6800.0
7fc931312000-7fc931313000 ---p 00131000 103:03 541142                    /usr/lib/libglib-2.0.so.0.6800.0
7fc931313000-7fc931314000 r--p 00131000 103:03 541142                    /usr/lib/libglib-2.0.so.0.6800.0
7fc931314000-7fc931315000 rw-p 00132000 103:03 541142                    /usr/lib/libglib-2.0.so.0.6800.0
7fc931315000-7fc931316000 rw-p 00000000 00:00 0 
7fc931316000-7fc931319000 r--p 00000000 103:03 569580                    /usr/lib/libgraphite2.so.3.2.1
7fc931319000-7fc931333000 r-xp 00003000 103:03 569580                    /usr/lib/libgraphite2.so.3.2.1
7fc931333000-7fc931338000 r--p 0001d000 103:03 569580                    /usr/lib/libgraphite2.so.3.2.1
7fc931338000-7fc93133a000 r--p 00021000 103:03 569580                    /usr/lib/libgraphite2.so.3.2.1
7fc93133a000-7fc93133b000 rw-p 00023000 103:03 569580                    /usr/lib/libgraphite2.so.3.2.1
7fc93133b000-7fc931345000 r--p 00000000 103:03 564926                    /usr/lib/libharfbuzz.so.0.20800.0
7fc931345000-7fc9313d9000 r-xp 0000a000 103:03 564926                    /usr/lib/libharfbuzz.so.0.20800.0
7fc9313d9000-7fc93140c000 r--p 0009e000 103:03 564926                    /usr/lib/libharfbuzz.so.0.20800.0
7fc93140c000-7fc93140d000 ---p 000d1000 103:03 564926                    /usr/lib/libharfbuzz.so.0.20800.0
7fc93140d000-7fc93140e000 r--p 000d1000 103:03 564926                    /usr/lib/libharfbuzz.so.0.20800.0
7fc93140e000-7fc93140f000 rw-p 000d2000 103:03 564926                    /usr/lib/libharfbuzz.so.0.20800.0
7fc93140f000-7fc931415000 r--p 00000000 103:03 550844                    /usr/lib/libpng16.so.16.37.0
7fc931415000-7fc931439000 r-xp 00006000 103:03 550844                    /usr/lib/libpng16.so.16.37.0
7fc931439000-7fc931444000 r--p 0002a000 103:03 550844                    /usr/lib/libpng16.so.16.37.0
7fc931444000-7fc931445000 r--p 00034000 103:03 550844                    /usr/lib/libpng16.so.16.37.0
7fc931445000-7fc931446000 rw-p 00035000 103:03 550844                    /usr/lib/libpng16.so.16.37.0
7fc931446000-7fc931448000 r--p 00000000 103:03 561305                    /usr/lib/libbz2.so.1.0.8
7fc931448000-7fc931455000 r-xp 00002000 103:03 561305                    /usr/lib/libbz2.so.1.0.8
7fc931455000-7fc931457000 r--p 0000f000 103:03 561305                    /usr/lib/libbz2.so.1.0.8
7fc931457000-7fc931458000 r--p 00010000 103:03 561305                    /usr/lib/libbz2.so.1.0.8
7fc931458000-7fc931459000 rw-p 00011000 103:03 561305                    /usr/lib/libbz2.so.1.0.8
7fc931459000-7fc931466000 r--p 00000000 103:03 574286                    /usr/lib/libfreetype.so.6.17.4
7fc931466000-7fc9314ec000 r-xp 0000d000 103:03 574286                    /usr/lib/libfreetype.so.6.17.4
7fc9314ec000-7fc931524000 r--p 00093000 103:03 574286                    /usr/lib/libfreetype.so.6.17.4
7fc931524000-7fc931525000 ---p 000cb000 103:03 574286                    /usr/lib/libfreetype.so.6.17.4
7fc931525000-7fc93152c000 r--p 000cb000 103:03 574286                    /usr/lib/libfreetype.so.6.17.4
7fc93152c000-7fc93152d000 rw-p 000d2000 103:03 574286                    /usr/lib/libfreetype.so.6.17.4
7fc93152d000-7fc931531000 r--p 00000000 103:03 3410272                   /usr/lib/jvm/java-15-openjdk/lib/libfontmanager.so
7fc931531000-7fc93161d000 r-xp 00004000 103:03 3410272                   /usr/lib/jvm/java-15-openjdk/lib/libfontmanager.so
7fc93161d000-7fc93165d000 r--p 000f0000 103:03 3410272                   /usr/lib/jvm/java-15-openjdk/lib/libfontmanager.so
7fc93165d000-7fc93165e000 ---p 00130000 103:03 3410272                   /usr/lib/jvm/java-15-openjdk/lib/libfontmanager.so
7fc93165e000-7fc93165f000 r--p 00130000 103:03 3410272                   /usr/lib/jvm/java-15-openjdk/lib/libfontmanager.so
7fc93165f000-7fc931660000 rw-p 00131000 103:03 3410272                   /usr/lib/jvm/java-15-openjdk/lib/libfontmanager.so
7fc931660000-7fc931663000 rw-p 00000000 00:00 0 
7fc931663000-7fc931664000 r--p 00000000 103:03 555555                    /usr/lib/libXinerama.so.1.0.0
7fc931664000-7fc931665000 r-xp 00001000 103:03 555555                    /usr/lib/libXinerama.so.1.0.0
7fc931665000-7fc931666000 r--p 00002000 103:03 555555                    /usr/lib/libXinerama.so.1.0.0
7fc931666000-7fc931667000 r--p 00002000 103:03 555555                    /usr/lib/libXinerama.so.1.0.0
7fc931667000-7fc931668000 rw-p 00003000 103:03 555555                    /usr/lib/libXinerama.so.1.0.0
7fc931668000-7fc93166a000 r--p 00000000 103:03 557784                    /usr/lib/libXdmcp.so.6.0.0
7fc93166a000-7fc93166c000 r-xp 00002000 103:03 557784                    /usr/lib/libXdmcp.so.6.0.0
7fc93166c000-7fc93166e000 r--p 00004000 103:03 557784                    /usr/lib/libXdmcp.so.6.0.0
7fc93166e000-7fc93166f000 r--p 00005000 103:03 557784                    /usr/lib/libXdmcp.so.6.0.0
7fc93166f000-7fc931670000 rw-p 00006000 103:03 557784                    /usr/lib/libXdmcp.so.6.0.0
7fc931670000-7fc93167c000 r--p 00000000 103:03 550950                    /usr/lib/libxcb.so.1.1.0
7fc93167c000-7fc93168f000 r-xp 0000c000 103:03 550950                    /usr/lib/libxcb.so.1.1.0
7fc93168f000-7fc931698000 r--p 0001f000 103:03 550950                    /usr/lib/libxcb.so.1.1.0
7fc931698000-7fc931699000 r--p 00027000 103:03 550950                    /usr/lib/libxcb.so.1.1.0
7fc931699000-7fc93169a000 rw-p 00028000 103:03 550950                    /usr/lib/libxcb.so.1.1.0
7fc93169a000-7fc93169d000 r--p 00000000 103:03 553923                    /usr/lib/libXi.so.6.1.0
7fc93169d000-7fc9316a8000 r-xp 00003000 103:03 553923                    /usr/lib/libXi.so.6.1.0
7fc9316a8000-7fc9316ab000 r--p 0000e000 103:03 553923                    /usr/lib/libXi.so.6.1.0
7fc9316ab000-7fc9316ac000 r--p 00010000 103:03 553923                    /usr/lib/libXi.so.6.1.0
7fc9316ac000-7fc9316ad000 rw-p 00011000 103:03 553923                    /usr/lib/libXi.so.6.1.0
7fc9316ad000-7fc9316af000 r--p 00000000 103:03 557913                    /usr/lib/libXrender.so.1.3.0
7fc9316af000-7fc9316b6000 r-xp 00002000 103:03 557913                    /usr/lib/libXrender.so.1.3.0
7fc9316b6000-7fc9316b8000 r--p 00009000 103:03 557913                    /usr/lib/libXrender.so.1.3.0
7fc9316b8000-7fc9316b9000 r--p 0000a000 103:03 557913                    /usr/lib/libXrender.so.1.3.0
7fc9316b9000-7fc9316ba000 rw-p 0000b000 103:03 557913                    /usr/lib/libXrender.so.1.3.0
7fc9316ba000-7fc9316d6000 r--p 00000000 103:03 548555                    /usr/lib/libX11.so.6.4.0
7fc9316d6000-7fc931760000 r-xp 0001c000 103:03 548555                    /usr/lib/libX11.so.6.4.0
7fc931760000-7fc9317f4000 r--p 000a6000 103:03 548555                    /usr/lib/libX11.so.6.4.0
7fc9317f4000-7fc9317f7000 r--p 00139000 103:03 548555                    /usr/lib/libX11.so.6.4.0
7fc9317f7000-7fc9317fb000 rw-p 0013c000 103:03 548555                    /usr/lib/libX11.so.6.4.0
7fc9317ff000-7fc931800000 r--p 00000000 103:03 541154                    /usr/lib/libgthread-2.0.so.0.6800.0
7fc931800000-7fc931801000 r-xp 00001000 103:03 541154                    /usr/lib/libgthread-2.0.so.0.6800.0
7fc931801000-7fc931802000 r--p 00002000 103:03 541154                    /usr/lib/libgthread-2.0.so.0.6800.0
7fc931802000-7fc931803000 r--p 00002000 103:03 541154                    /usr/lib/libgthread-2.0.so.0.6800.0
7fc931803000-7fc931804000 rw-p 00003000 103:03 541154                    /usr/lib/libgthread-2.0.so.0.6800.0
7fc931804000-7fc931824000 r--p 00000000 103:03 793870                    /usr/share/glib-2.0/schemas/gschemas.compiled
7fc931824000-7fc931851000 r--p 00000000 103:03 3410263                   /usr/lib/jvm/java-15-openjdk/lib/libawt.so
7fc931851000-7fc9318ba000 r-xp 0002d000 103:03 3410263                   /usr/lib/jvm/java-15-openjdk/lib/libawt.so
7fc9318ba000-7fc9318c6000 r--p 00096000 103:03 3410263                   /usr/lib/jvm/java-15-openjdk/lib/libawt.so
7fc9318c6000-7fc9318c7000 ---p 000a2000 103:03 3410263                   /usr/lib/jvm/java-15-openjdk/lib/libawt.so
7fc9318c7000-7fc9318c8000 r--p 000a2000 103:03 3410263                   /usr/lib/jvm/java-15-openjdk/lib/libawt.so
7fc9318c8000-7fc9318d3000 rw-p 000a3000 103:03 3410263                   /usr/lib/jvm/java-15-openjdk/lib/libawt.so
7fc9318d3000-7fc931af8000 rw-p 00000000 00:00 0 
7fc931af9000-7fc931afa000 ---p 00000000 00:00 0 
7fc931afa000-7fc931bfb000 rw-p 00000000 00:00 0 
7fc931bfb000-7fc931bff000 ---p 00000000 00:00 0 
7fc931bff000-7fc931efc000 rw-p 00000000 00:00 0 
7fc931eff000-7fc931f03000 ---p 00000000 00:00 0 
7fc931f03000-7fc934000000 rw-p 00000000 00:00 0 
7fc934000000-7fc934021000 rw-p 00000000 00:00 0 
7fc934021000-7fc938000000 ---p 00000000 00:00 0 
7fc938000000-7fc938021000 rw-p 00000000 00:00 0 
7fc938021000-7fc93c000000 ---p 00000000 00:00 0 
7fc93c000000-7fc93c021000 rw-p 00000000 00:00 0 
7fc93c021000-7fc940000000 ---p 00000000 00:00 0 
7fc940000000-7fc940002000 r--p 00000000 103:03 557100                    /usr/lib/libXtst.so.6.1.0
7fc940002000-7fc940005000 r-xp 00002000 103:03 557100                    /usr/lib/libXtst.so.6.1.0
7fc940005000-7fc940006000 r--p 00005000 103:03 557100                    /usr/lib/libXtst.so.6.1.0
7fc940006000-7fc940007000 r--p 00005000 103:03 557100                    /usr/lib/libXtst.so.6.1.0
7fc940007000-7fc940008000 rw-p 00006000 103:03 557100                    /usr/lib/libXtst.so.6.1.0
7fc940008000-7fc940018000 r--p 00000000 103:03 3412780                   /usr/lib/jvm/java-15-openjdk/lib/libawt_xawt.so
7fc940018000-7fc940055000 r-xp 00010000 103:03 3412780                   /usr/lib/jvm/java-15-openjdk/lib/libawt_xawt.so
7fc940055000-7fc940066000 r--p 0004d000 103:03 3412780                   /usr/lib/jvm/java-15-openjdk/lib/libawt_xawt.so
7fc940066000-7fc940067000 ---p 0005e000 103:03 3412780                   /usr/lib/jvm/java-15-openjdk/lib/libawt_xawt.so
7fc940067000-7fc940068000 r--p 0005e000 103:03 3412780                   /usr/lib/jvm/java-15-openjdk/lib/libawt_xawt.so
7fc940068000-7fc94006a000 rw-p 0005f000 103:03 3412780                   /usr/lib/jvm/java-15-openjdk/lib/libawt_xawt.so
7fc94006a000-7fc94006c000 rw-p 00000000 00:00 0 
7fc94006c000-7fc940070000 ---p 00000000 00:00 0 
7fc940070000-7fc94016d000 rw-p 00000000 00:00 0 
7fc94016d000-7fc940171000 ---p 00000000 00:00 0 
7fc940171000-7fc94026e000 rw-p 00000000 00:00 0 
7fc94026e000-7fc940274000 r--p 00000000 103:03 574622                    /usr/lib/libnss_mymachines.so.2
7fc940274000-7fc9402a2000 r-xp 00006000 103:03 574622                    /usr/lib/libnss_mymachines.so.2
7fc9402a2000-7fc9402b2000 r--p 00034000 103:03 574622                    /usr/lib/libnss_mymachines.so.2
7fc9402b2000-7fc9402b5000 r--p 00043000 103:03 574622                    /usr/lib/libnss_mymachines.so.2
7fc9402b5000-7fc9402b6000 rw-p 00046000 103:03 574622                    /usr/lib/libnss_mymachines.so.2
7fc9402b6000-7fc9402b7000 rw-p 00000000 00:00 0 
7fc9402bb000-7fc9402bf000 r--p 00000000 103:03 554076                    /usr/lib/libXext.so.6.4.0
7fc9402bf000-7fc9402ca000 r-xp 00004000 103:03 554076                    /usr/lib/libXext.so.6.4.0
7fc9402ca000-7fc9402ce000 r--p 0000f000 103:03 554076                    /usr/lib/libXext.so.6.4.0
7fc9402ce000-7fc9402cf000 r--p 00012000 103:03 554076                    /usr/lib/libXext.so.6.4.0
7fc9402cf000-7fc9402d0000 rw-p 00013000 103:03 554076                    /usr/lib/libXext.so.6.4.0
7fc9402d0000-7fc9402d4000 r--p 00000000 103:03 3412768                   /usr/lib/jvm/java-15-openjdk/lib/libverify.so
7fc9402d4000-7fc9402db000 r-xp 00004000 103:03 3412768                   /usr/lib/jvm/java-15-openjdk/lib/libverify.so
7fc9402db000-7fc9402dd000 r--p 0000b000 103:03 3412768                   /usr/lib/jvm/java-15-openjdk/lib/libverify.so
7fc9402dd000-7fc9402df000 r--p 0000c000 103:03 3412768                   /usr/lib/jvm/java-15-openjdk/lib/libverify.so
7fc9402df000-7fc9402e0000 rw-p 0000e000 103:03 3412768                   /usr/lib/jvm/java-15-openjdk/lib/libverify.so
7fc9402e0000-7fc9402e4000 ---p 00000000 00:00 0 
7fc9402e4000-7fc9403e1000 rw-p 00000000 00:00 0 
7fc9403e2000-7fc9403e3000 rw-s 00000000 00:01 14711                      /memfd:xshmfence (deleted)
7fc9403e3000-7fc9403e4000 rwxp 00000000 00:00 0 
7fc9403e4000-7fc9403e5000 rw-s 10571c000 00:05 561                       /dev/dri/card0
7fc9403e5000-7fc9403e8000 r--p 00000000 103:03 574621                    /usr/lib/libnss_myhostname.so.2
7fc9403e8000-7fc9403f2000 r-xp 00003000 103:03 574621                    /usr/lib/libnss_myhostname.so.2
7fc9403f2000-7fc9403fa000 r--p 0000d000 103:03 574621                    /usr/lib/libnss_myhostname.so.2
7fc9403fa000-7fc9403fe000 r--p 00014000 103:03 574621                    /usr/lib/libnss_myhostname.so.2
7fc9403fe000-7fc9403ff000 rw-p 00018000 103:03 574621                    /usr/lib/libnss_myhostname.so.2
7fc9403ff000-7fc940402000 r--p 00000000 103:03 531602                    /usr/lib/libcap.so.2.49
7fc940402000-7fc940406000 r-xp 00003000 103:03 531602                    /usr/lib/libcap.so.2.49
7fc940406000-7fc940408000 r--p 00007000 103:03 531602                    /usr/lib/libcap.so.2.49
7fc940408000-7fc940409000 r--p 00008000 103:03 531602                    /usr/lib/libcap.so.2.49
7fc940409000-7fc94040a000 rw-p 00009000 103:03 531602                    /usr/lib/libcap.so.2.49
7fc94040a000-7fc94040d000 r--p 00000000 103:03 527828                    /usr/lib/librt-2.33.so
7fc94040d000-7fc940411000 r-xp 00003000 103:03 527828                    /usr/lib/librt-2.33.so
7fc940411000-7fc940413000 r--p 00007000 103:03 527828                    /usr/lib/librt-2.33.so
7fc940413000-7fc940414000 r--p 00008000 103:03 527828                    /usr/lib/librt-2.33.so
7fc940414000-7fc940415000 rw-p 00009000 103:03 527828                    /usr/lib/librt-2.33.so
7fc940415000-7fc940419000 ---p 00000000 00:00 0 
7fc940419000-7fc940516000 rw-p 00000000 00:00 0 
7fc940516000-7fc94051a000 ---p 00000000 00:00 0 
7fc94051a000-7fc940617000 rw-p 00000000 00:00 0 
7fc940617000-7fc94061b000 r--p 00000000 103:03 3411689                   /usr/lib/jvm/java-15-openjdk/lib/libnet.so
7fc94061b000-7fc940629000 r-xp 00004000 103:03 3411689                   /usr/lib/jvm/java-15-openjdk/lib/libnet.so
7fc940629000-7fc94062d000 r--p 00012000 103:03 3411689                   /usr/lib/jvm/java-15-openjdk/lib/libnet.so
7fc94062d000-7fc94062e000 r--p 00015000 103:03 3411689                   /usr/lib/jvm/java-15-openjdk/lib/libnet.so
7fc94062e000-7fc94062f000 rw-p 00016000 103:03 3411689                   /usr/lib/jvm/java-15-openjdk/lib/libnet.so
7fc94062f000-7fc940633000 ---p 00000000 00:00 0 
7fc940633000-7fc940730000 rw-p 00000000 00:00 0 
7fc940730000-7fc940734000 ---p 00000000 00:00 0 
7fc940734000-7fc940831000 rw-p 00000000 00:00 0 
7fc940831000-7fc940835000 ---p 00000000 00:00 0 
7fc940835000-7fc940932000 rw-p 00000000 00:00 0 
7fc940932000-7fc940936000 ---p 00000000 00:00 0 
7fc940936000-7fc940a33000 rw-p 00000000 00:00 0 
7fc940a33000-7fc940a37000 ---p 00000000 00:00 0 
7fc940a37000-7fc940b34000 rw-p 00000000 00:00 0 
7fc940b34000-7fc940e6a000 r--p 00000000 103:03 559355                    /usr/lib/locale/locale-archive
7fc940e6a000-7fc940ea2000 rw-p 00000000 00:00 0 
7fc940ea2000-7fc9411e2000 ---p 00000000 00:00 0 
7fc9411e2000-7fc9411f2000 rw-p 00000000 00:00 0 
7fc9411f2000-7fc941252000 ---p 00000000 00:00 0 
7fc941252000-7fc94125a000 rw-p 00000000 00:00 0 
7fc94125a000-7fc944d02000 ---p 00000000 00:00 0 
7fc944d02000-7fc944d3a000 rw-p 00000000 00:00 0 
7fc944d3a000-7fc94507a000 ---p 00000000 00:00 0 
7fc94507a000-7fc94508a000 rw-p 00000000 00:00 0 
7fc94508a000-7fc9450ea000 ---p 00000000 00:00 0 
7fc9450ea000-7fc9450f2000 rw-p 00000000 00:00 0 
7fc9450f2000-7fc948b9a000 ---p 00000000 00:00 0 
7fc948b9a000-7fc948e0a000 rwxp 00000000 00:00 0 
7fc948e0a000-7fc94912c000 ---p 00000000 00:00 0 
7fc94912c000-7fc9493cc000 rwxp 00000000 00:00 0 
7fc9493cc000-7fc950663000 ---p 00000000 00:00 0 
7fc950663000-7fc9508d3000 rwxp 00000000 00:00 0 
7fc9508d3000-7fc957b9a000 ---p 00000000 00:00 0 
7fc957b9a000-7fc960000000 r--s 00000000 103:03 3412773                   /usr/lib/jvm/java-15-openjdk/lib/modules
7fc960000000-7fc96078e000 rw-p 00000000 00:00 0 
7fc96078e000-7fc964000000 ---p 00000000 00:00 0 
7fc964000000-7fc964001000 rw-s 105720000 00:05 561                       /dev/dri/card0
7fc964001000-7fc964003000 r--p 00000000 103:03 3412772                   /usr/lib/jvm/java-15-openjdk/lib/libzip.so
7fc964003000-7fc964007000 r-xp 00002000 103:03 3412772                   /usr/lib/jvm/java-15-openjdk/lib/libzip.so
7fc964007000-7fc964009000 r--p 00006000 103:03 3412772                   /usr/lib/jvm/java-15-openjdk/lib/libzip.so
7fc964009000-7fc96400a000 r--p 00007000 103:03 3412772                   /usr/lib/jvm/java-15-openjdk/lib/libzip.so
7fc96400a000-7fc96400b000 rw-p 00008000 103:03 3412772                   /usr/lib/jvm/java-15-openjdk/lib/libzip.so
7fc96400b000-7fc96400f000 ---p 00000000 00:00 0 
7fc96400f000-7fc96410c000 rw-p 00000000 00:00 0 
7fc96410c000-7fc964110000 ---p 00000000 00:00 0 
7fc964110000-7fc96420d000 rw-p 00000000 00:00 0 
7fc96420d000-7fc96420e000 ---p 00000000 00:00 0 
7fc96420e000-7fc964c2c000 rw-p 00000000 00:00 0 
7fc964c2c000-7fc964c2d000 ---p 00000000 00:00 0 
7fc964c2d000-7fc964d2e000 rw-p 00000000 00:00 0 
7fc964d2e000-7fc964d2f000 ---p 00000000 00:00 0 
7fc964d2f000-7fc96583a000 rw-p 00000000 00:00 0 
7fc96583a000-7fc96583b000 ---p 00000000 00:00 0 
7fc96583b000-7fc96593c000 rw-p 00000000 00:00 0 
7fc96593c000-7fc96593d000 ---p 00000000 00:00 0 
7fc96593d000-7fc965a3e000 rw-p 00000000 00:00 0 
7fc965a3e000-7fc965a3f000 ---p 00000000 00:00 0 
7fc965a3f000-7fc965bc9000 rw-p 00000000 00:00 0 
7fc965bc9000-7fc965c31000 ---p 00000000 00:00 0 
7fc965c31000-7fc965c33000 rw-p 00000000 00:00 0 
7fc965c33000-7fc965c3f000 ---p 00000000 00:00 0 
7fc965c3f000-7fc965c40000 rw-p 00000000 00:00 0 
7fc965c40000-7fc966395000 ---p 00000000 00:00 0 
7fc966395000-7fc96639c000 rw-p 00000000 00:00 0 
7fc96639c000-7fc966404000 ---p 00000000 00:00 0 
7fc966404000-7fc966406000 rw-p 00000000 00:00 0 
7fc966406000-7fc966412000 ---p 00000000 00:00 0 
7fc966412000-7fc966413000 rw-p 00000000 00:00 0 
7fc966413000-7fc966b68000 ---p 00000000 00:00 0 
7fc966b68000-7fc966b6f000 rw-p 00000000 00:00 0 
7fc966b6f000-7fc966bd7000 ---p 00000000 00:00 0 
7fc966bd7000-7fc966bd9000 rw-p 00000000 00:00 0 
7fc966bd9000-7fc966be5000 ---p 00000000 00:00 0 
7fc966be5000-7fc966be6000 rw-p 00000000 00:00 0 
7fc966be6000-7fc96733b000 ---p 00000000 00:00 0 
7fc96733b000-7fc967d4a000 rw-p 00000000 00:00 0 
7fc967d4a000-7fc967e30000 ---p 00000000 00:00 0 
7fc967e30000-7fc967e36000 rw-p 00000000 00:00 0 
7fc967e36000-7fc967f1b000 ---p 00000000 00:00 0 
7fc967f1b000-7fc967f1e000 r--p 00000000 103:03 527805                    /usr/lib/libnss_files-2.33.so
7fc967f1e000-7fc967f25000 r-xp 00003000 103:03 527805                    /usr/lib/libnss_files-2.33.so
7fc967f25000-7fc967f27000 r--p 0000a000 103:03 527805                    /usr/lib/libnss_files-2.33.so
7fc967f27000-7fc967f28000 r--p 0000b000 103:03 527805                    /usr/lib/libnss_files-2.33.so
7fc967f28000-7fc967f29000 rw-p 0000c000 103:03 527805                    /usr/lib/libnss_files-2.33.so
7fc967f29000-7fc967f2f000 rw-p 00000000 00:00 0 
7fc967f2f000-7fc967f30000 r--p 00000000 103:04 19400464                  /home/heero/.config/dconf/user
7fc967f30000-7fc967f31000 r--s 00000000 00:34 81                         /run/user/1000/dconf/user
7fc967f31000-7fc967f32000 r--p 00000000 103:03 550862                    /usr/lib/libXau.so.6.0.0
7fc967f32000-7fc967f33000 r-xp 00001000 103:03 550862                    /usr/lib/libXau.so.6.0.0
7fc967f33000-7fc967f34000 r--p 00002000 103:03 550862                    /usr/lib/libXau.so.6.0.0
7fc967f34000-7fc967f35000 r--p 00002000 103:03 550862                    /usr/lib/libXau.so.6.0.0
7fc967f35000-7fc967f36000 rw-p 00003000 103:03 550862                    /usr/lib/libXau.so.6.0.0
7fc967f36000-7fc967f3d000 r--p 00000000 103:03 3411691                   /usr/lib/jvm/java-15-openjdk/lib/libnio.so
7fc967f3d000-7fc967f45000 r-xp 00007000 103:03 3411691                   /usr/lib/jvm/java-15-openjdk/lib/libnio.so
7fc967f45000-7fc967f49000 r--p 0000f000 103:03 3411691                   /usr/lib/jvm/java-15-openjdk/lib/libnio.so
7fc967f49000-7fc967f4a000 ---p 00013000 103:03 3411691                   /usr/lib/jvm/java-15-openjdk/lib/libnio.so
7fc967f4a000-7fc967f4b000 r--p 00013000 103:03 3411691                   /usr/lib/jvm/java-15-openjdk/lib/libnio.so
7fc967f4b000-7fc967f4c000 rw-p 00014000 103:03 3411691                   /usr/lib/jvm/java-15-openjdk/lib/libnio.so
7fc967f4c000-7fc967f51000 rw-p 00000000 00:00 0 
7fc967f51000-7fc967f58000 ---p 00000000 00:00 0 
7fc967f58000-7fc967f65000 r--p 00000000 103:03 3410285                   /usr/lib/jvm/java-15-openjdk/lib/libjava.so
7fc967f65000-7fc967f77000 r-xp 0000d000 103:03 3410285                   /usr/lib/jvm/java-15-openjdk/lib/libjava.so
7fc967f77000-7fc967f7d000 r--p 0001f000 103:03 3410285                   /usr/lib/jvm/java-15-openjdk/lib/libjava.so
7fc967f7d000-7fc967f7e000 r--p 00024000 103:03 3410285                   /usr/lib/jvm/java-15-openjdk/lib/libjava.so
7fc967f7e000-7fc967f7f000 rw-p 00025000 103:03 3410285                   /usr/lib/jvm/java-15-openjdk/lib/libjava.so
7fc967f7f000-7fc967f80000 rw-p 00000000 00:00 0 
7fc967f80000-7fc967f83000 r--p 00000000 103:03 3410289                   /usr/lib/jvm/java-15-openjdk/lib/libjdwp.so
7fc967f83000-7fc967fb1000 r-xp 00003000 103:03 3410289                   /usr/lib/jvm/java-15-openjdk/lib/libjdwp.so
7fc967fb1000-7fc967fbf000 r--p 00031000 103:03 3410289                   /usr/lib/jvm/java-15-openjdk/lib/libjdwp.so
7fc967fbf000-7fc967fc0000 r--p 0003e000 103:03 3410289                   /usr/lib/jvm/java-15-openjdk/lib/libjdwp.so
7fc967fc0000-7fc967fc1000 rw-p 0003f000 103:03 3410289                   /usr/lib/jvm/java-15-openjdk/lib/libjdwp.so
7fc967fc1000-7fc967fc2000 rw-p 00000000 00:00 0 
7fc967fc2000-7fc967fc6000 ---p 00000000 00:00 0 
7fc967fc6000-7fc9680c3000 rw-p 00000000 00:00 0 
7fc9680c3000-7fc9680c6000 r--p 00000000 103:03 528470                    /usr/lib/libgcc_s.so.1
7fc9680c6000-7fc9680d7000 r-xp 00003000 103:03 528470                    /usr/lib/libgcc_s.so.1
7fc9680d7000-7fc9680db000 r--p 00014000 103:03 528470                    /usr/lib/libgcc_s.so.1
7fc9680db000-7fc9680dc000 r--p 00017000 103:03 528470                    /usr/lib/libgcc_s.so.1
7fc9680dc000-7fc9680dd000 rw-p 00018000 103:03 528470                    /usr/lib/libgcc_s.so.1
7fc9680dd000-7fc9680ec000 r--p 00000000 103:03 527762                    /usr/lib/libm-2.33.so
7fc9680ec000-7fc968187000 r-xp 0000f000 103:03 527762                    /usr/lib/libm-2.33.so
7fc968187000-7fc96821f000 r--p 000aa000 103:03 527762                    /usr/lib/libm-2.33.so
7fc96821f000-7fc968220000 ---p 00142000 103:03 527762                    /usr/lib/libm-2.33.so
7fc968220000-7fc968221000 r--p 00142000 103:03 527762                    /usr/lib/libm-2.33.so
7fc968221000-7fc968222000 rw-p 00143000 103:03 527762                    /usr/lib/libm-2.33.so
7fc968222000-7fc9682b8000 r--p 00000000 103:03 559611                    /usr/lib/libstdc++.so.6.0.28
7fc9682b8000-7fc9683a4000 r-xp 00096000 103:03 559611                    /usr/lib/libstdc++.so.6.0.28
7fc9683a4000-7fc9683ed000 r--p 00182000 103:03 559611                    /usr/lib/libstdc++.so.6.0.28
7fc9683ed000-7fc9683ee000 ---p 001cb000 103:03 559611                    /usr/lib/libstdc++.so.6.0.28
7fc9683ee000-7fc9683fb000 r--p 001cb000 103:03 559611                    /usr/lib/libstdc++.so.6.0.28
7fc9683fb000-7fc9683fc000 rw-p 001d8000 103:03 559611                    /usr/lib/libstdc++.so.6.0.28
7fc9683fc000-7fc9683ff000 rw-p 00000000 00:00 0 
7fc9683ff000-7fc96860d000 r--p 00000000 103:03 4073853                   /usr/lib/jvm/java-15-openjdk/lib/server/libjvm.so
7fc96860d000-7fc969290000 r-xp 0020e000 103:03 4073853                   /usr/lib/jvm/java-15-openjdk/lib/server/libjvm.so
7fc969290000-7fc9694e7000 r--p 00e91000 103:03 4073853                   /usr/lib/jvm/java-15-openjdk/lib/server/libjvm.so
7fc9694e7000-7fc9694e8000 ---p 010e8000 103:03 4073853                   /usr/lib/jvm/java-15-openjdk/lib/server/libjvm.so
7fc9694e8000-7fc969584000 r--p 010e8000 103:03 4073853                   /usr/lib/jvm/java-15-openjdk/lib/server/libjvm.so
7fc969584000-7fc9695bd000 rw-p 01184000 103:03 4073853                   /usr/lib/jvm/java-15-openjdk/lib/server/libjvm.so
7fc9695bd000-7fc969647000 rw-p 00000000 00:00 0 
7fc969647000-7fc96964e000 r--p 00000000 103:03 527819                    /usr/lib/libpthread-2.33.so
7fc96964e000-7fc96965d000 r-xp 00007000 103:03 527819                    /usr/lib/libpthread-2.33.so
7fc96965d000-7fc969662000 r--p 00016000 103:03 527819                    /usr/lib/libpthread-2.33.so
7fc969662000-7fc969663000 r--p 0001a000 103:03 527819                    /usr/lib/libpthread-2.33.so
7fc969663000-7fc969664000 rw-p 0001b000 103:03 527819                    /usr/lib/libpthread-2.33.so
7fc969664000-7fc969668000 rw-p 00000000 00:00 0 
7fc969668000-7fc96966a000 r--p 00000000 103:03 527746                    /usr/lib/libdl-2.33.so
7fc96966a000-7fc96966c000 r-xp 00002000 103:03 527746                    /usr/lib/libdl-2.33.so
7fc96966c000-7fc96966d000 r--p 00004000 103:03 527746                    /usr/lib/libdl-2.33.so
7fc96966d000-7fc96966e000 r--p 00004000 103:03 527746                    /usr/lib/libdl-2.33.so
7fc96966e000-7fc96966f000 rw-p 00005000 103:03 527746                    /usr/lib/libdl-2.33.so
7fc96966f000-7fc969672000 r--p 00000000 103:03 538644                    /usr/lib/libz.so.1.2.11
7fc969672000-7fc969680000 r-xp 00003000 103:03 538644                    /usr/lib/libz.so.1.2.11
7fc969680000-7fc969686000 r--p 00011000 103:03 538644                    /usr/lib/libz.so.1.2.11
7fc969686000-7fc969687000 ---p 00017000 103:03 538644                    /usr/lib/libz.so.1.2.11
7fc969687000-7fc969688000 r--p 00017000 103:03 538644                    /usr/lib/libz.so.1.2.11
7fc969688000-7fc969689000 rw-p 00018000 103:03 538644                    /usr/lib/libz.so.1.2.11
7fc969689000-7fc9696af000 r--p 00000000 103:03 527702                    /usr/lib/libc-2.33.so
7fc9696af000-7fc9697fb000 r-xp 00026000 103:03 527702                    /usr/lib/libc-2.33.so
7fc9697fb000-7fc969847000 r--p 00172000 103:03 527702                    /usr/lib/libc-2.33.so
7fc969847000-7fc96984a000 r--p 001bd000 103:03 527702                    /usr/lib/libc-2.33.so
7fc96984a000-7fc96984d000 rw-p 001c0000 103:03 527702                    /usr/lib/libc-2.33.so
7fc96984d000-7fc969856000 rw-p 00000000 00:00 0 
7fc969856000-7fc969858000 r--p 00000000 103:03 3410267                   /usr/lib/jvm/java-15-openjdk/lib/libdt_socket.so
7fc969858000-7fc96985b000 r-xp 00002000 103:03 3410267                   /usr/lib/jvm/java-15-openjdk/lib/libdt_socket.so
7fc96985b000-7fc96985c000 r--p 00005000 103:03 3410267                   /usr/lib/jvm/java-15-openjdk/lib/libdt_socket.so
7fc96985c000-7fc96985d000 ---p 00006000 103:03 3410267                   /usr/lib/jvm/java-15-openjdk/lib/libdt_socket.so
7fc96985d000-7fc96985e000 r--p 00006000 103:03 3410267                   /usr/lib/jvm/java-15-openjdk/lib/libdt_socket.so
7fc96985e000-7fc96985f000 rw-p 00007000 103:03 3410267                   /usr/lib/jvm/java-15-openjdk/lib/libdt_socket.so
7fc96985f000-7fc969867000 rw-s 00000000 00:31 2301                       /tmp/hsperfdata_heero/41815
7fc969867000-7fc969869000 r--p 00000000 103:03 3410274                   /usr/lib/jvm/java-15-openjdk/lib/libinstrument.so
7fc969869000-7fc96986f000 r-xp 00002000 103:03 3410274                   /usr/lib/jvm/java-15-openjdk/lib/libinstrument.so
7fc96986f000-7fc969872000 r--p 00008000 103:03 3410274                   /usr/lib/jvm/java-15-openjdk/lib/libinstrument.so
7fc969872000-7fc969873000 r--p 0000a000 103:03 3410274                   /usr/lib/jvm/java-15-openjdk/lib/libinstrument.so
7fc969873000-7fc969874000 rw-p 0000b000 103:03 3410274                   /usr/lib/jvm/java-15-openjdk/lib/libinstrument.so
7fc969874000-7fc969875000 ---p 00000000 00:00 0 
7fc969875000-7fc969876000 r--p 00000000 00:00 0 
7fc969876000-7fc969878000 r--p 00000000 103:03 3410292                   /usr/lib/jvm/java-15-openjdk/lib/libjimage.so
7fc969878000-7fc96987b000 r-xp 00002000 103:03 3410292                   /usr/lib/jvm/java-15-openjdk/lib/libjimage.so
7fc96987b000-7fc96987c000 r--p 00005000 103:03 3410292                   /usr/lib/jvm/java-15-openjdk/lib/libjimage.so
7fc96987c000-7fc96987d000 ---p 00006000 103:03 3410292                   /usr/lib/jvm/java-15-openjdk/lib/libjimage.so
7fc96987d000-7fc96987e000 r--p 00006000 103:03 3410292                   /usr/lib/jvm/java-15-openjdk/lib/libjimage.so
7fc96987e000-7fc96987f000 rw-p 00007000 103:03 3410292                   /usr/lib/jvm/java-15-openjdk/lib/libjimage.so
7fc96987f000-7fc969882000 r--p 00000000 103:03 3410296                   /usr/lib/jvm/java-15-openjdk/lib/libjli.so
7fc969882000-7fc96988c000 r-xp 00003000 103:03 3410296                   /usr/lib/jvm/java-15-openjdk/lib/libjli.so
7fc96988c000-7fc96988f000 r--p 0000d000 103:03 3410296                   /usr/lib/jvm/java-15-openjdk/lib/libjli.so
7fc96988f000-7fc969890000 ---p 00010000 103:03 3410296                   /usr/lib/jvm/java-15-openjdk/lib/libjli.so
7fc969890000-7fc969891000 r--p 00010000 103:03 3410296                   /usr/lib/jvm/java-15-openjdk/lib/libjli.so
7fc969891000-7fc969892000 rw-p 00011000 103:03 3410296                   /usr/lib/jvm/java-15-openjdk/lib/libjli.so
7fc969892000-7fc969894000 rw-p 00000000 00:00 0 
7fc969894000-7fc969895000 r--p 00000000 103:03 527670                    /usr/lib/ld-2.33.so
7fc969895000-7fc9698b9000 r-xp 00001000 103:03 527670                    /usr/lib/ld-2.33.so
7fc9698b9000-7fc9698c2000 r--p 00025000 103:03 527670                    /usr/lib/ld-2.33.so
7fc9698c2000-7fc9698c3000 ---p 00000000 00:00 0 
7fc9698c3000-7fc9698c5000 r--p 0002e000 103:03 527670                    /usr/lib/ld-2.33.so
7fc9698c5000-7fc9698c7000 rw-p 00030000 103:03 527670                    /usr/lib/ld-2.33.so
7ffde0741000-7ffde0762000 rw-p 00000000 00:00 0                          [stack]
7ffde0788000-7ffde078c000 r--p 00000000 00:00 0                          [vvar]
7ffde078c000-7ffde078e000 r-xp 00000000 00:00 0                          [vdso]
ffffffffff600000-ffffffffff601000 --xp 00000000 00:00 0                  [vsyscall]


VM Arguments:
jvm_args: -XX:+ShowCodeDetailsInExceptionMessages -agentlib:jdwp=transport=dt_socket,suspend=y,address=localhost:43191 -Dlogger.color=true -Djava.library.path=/home/heero/dev/workspace-game/atriasoft/ewol/lib -javaagent:/home/heero/.local/application/eclipse.app/eclipse/configuration/org.eclipse.osgi/216/0/.cp/lib/javaagent-shaded.jar -Dfile.encoding=UTF-8 --module-path=/home/heero/dev/workspace-game/atriasoft/ewol/samples/bin:/home/heero/dev/workspace-game/atriasoft/ewol/out/eclipse/classes:/home/heero/dev/workspace-game/atriasoft/exml/out/eclipse/classes:/home/heero/dev/workspace-game/scenarium/logger/out/eclipse/classes:/home/heero/dev/workspace-game/atriasoft/etk/out/eclipse/classes:/home/heero/dev/workspace-game/atriasoft/etk/lib/spotbugs-annotations-4.2.2.jar:/home/heero/dev/workspace-game/atriasoft/gale/out/eclipse/classes:/home/heero/dev/workspace-game/atriasoft/gale/lib/lwjgl3-awt-0.1.7.jar:/home/heero/dev/workspace-game/atriasoft/gale/lib/pngdecoder.jar:/home/heero/dev/workspace-game/atriasoft/gale/lib/lwjgl/lwjgl.jar:/home/heero/dev/workspace-game/atriasoft/gale/lib/lwjgl/lwjgl-assimp.jar:/home/heero/dev/workspace-game/atriasoft/gale/lib/lwjgl/lwjgl-assimp-natives-linux.jar:/home/heero/dev/workspace-game/atriasoft/gale/lib/lwjgl/lwjgl-glfw.jar:/home/heero/dev/workspace-game/atriasoft/gale/lib/lwjgl/lwjgl-glfw-natives-linux.jar:/home/heero/dev/workspace-game/atriasoft/gale/lib/lwjgl/lwjgl-jawt.jar:/home/heero/dev/workspace-game/atriasoft/gale/lib/lwjgl/lwjgl-natives-linux.jar:/home/heero/dev/workspace-game/atriasoft/gale/lib/lwjgl/lwjgl-opengl.jar:/home/heero/dev/workspace-game/atriasoft/gale/lib/lwjgl/lwjgl-stb.jar:/home/heero/dev/workspace-game/atriasoft/gale/lib/lwjgl/lwjgl-stb-natives-linux.jar:/home/heero/dev/workspace-game/atriasoft/gale/lib/lwjgl/lwjgl-opengl-natives-linux.jar:/home/heero/dev/workspace-game/atriasoft/ejson/out/eclipse/classes:/home/heero/dev/workspace-game/atriasoft/ewol/lib/freetype-jni.jar --enable-preview -Djdk.module.main=sample.atriasoft.ewol 
java_command: sample.atriasoft.ewol/sample.atriasoft.ewol.simpleWindowsWithImage.SimpleWindowsWithImageMain
java_class_path (initial): <not set>
Launcher Type: SUN_STANDARD

[Global flags]
     intx CICompilerCount                          = 4                                         {product} {ergonomic}
     uint ConcGCThreads                            = 3                                         {product} {ergonomic}
     uint G1ConcRefinementThreads                  = 10                                        {product} {ergonomic}
   size_t G1HeapRegionSize                         = 2097152                                   {product} {ergonomic}
    uintx GCDrainStackTargetSize                   = 64                                        {product} {ergonomic}
   size_t InitialHeapSize                          = 264241152                                 {product} {ergonomic}
   size_t MarkStackSize                            = 4194304                                   {product} {ergonomic}
   size_t MaxHeapSize                              = 4200595456                                {product} {ergonomic}
   size_t MaxNewSize                               = 2518679552                                {product} {ergonomic}
   size_t MinHeapDeltaBytes                        = 2097152                                   {product} {ergonomic}
   size_t MinHeapSize                              = 8388608                                   {product} {ergonomic}
    uintx NonNMethodCodeHeapSize                   = 5839372                                {pd product} {ergonomic}
    uintx NonProfiledCodeHeapSize                  = 122909434                              {pd product} {ergonomic}
    uintx ProfiledCodeHeapSize                     = 122909434                              {pd product} {ergonomic}
    uintx ReservedCodeCacheSize                    = 251658240                              {pd product} {ergonomic}
     bool SegmentedCodeCache                       = true                                      {product} {ergonomic}
     bool ShowCodeDetailsInExceptionMessages       = true                                   {manageable} {command line}
   size_t SoftMaxHeapSize                          = 4200595456                             {manageable} {ergonomic}
     bool UseCompressedClassPointers               = true                                 {lp64_product} {ergonomic}
     bool UseCompressedOops                        = true                                 {lp64_product} {ergonomic}
     bool UseG1GC                                  = true                                      {product} {ergonomic}

Logging:
Log output configuration:
 #0: stdout all=warning uptime,level,tags
 #1: stderr all=off uptime,level,tags

Environment Variables:
PATH=/usr/local/sbin:/usr/local/bin:/usr/bin:/usr/lib/jvm/default/bin:/usr/bin/site_perl:/usr/bin/vendor_perl:/usr/bin/core_perl:/home/heero/.bin:/home/heero/.local/bin:/home/heero/.local/application//home/heero/java_binaries/gdk-14/jdk-14-full/bin/:/home/heero/java_binaries/:/usr/local/sbin:/usr/local/bin:/usr/bin:/usr/lib/jvm/default/bin:/usr/bin/site_perl:/usr/bin/vendor_perl:/usr/bin/core_perl:/home/heero/.bin:/home/heero/.local/bin:/home/heero/.local/application/
SHELL=/bin/bash
DISPLAY=:0
LANG=en_US.UTF-8

Signal Handlers:
SIGSEGV: [libjvm.so+0xe15e30], sa_mask[0]=11111111011111111101111111111110, sa_flags=SA_RESTART|SA_SIGINFO
SIGBUS: [libjvm.so+0xe15e30], sa_mask[0]=11111111011111111101111111111110, sa_flags=SA_RESTART|SA_SIGINFO
SIGFPE: [libjvm.so+0xe15e30], sa_mask[0]=11111111011111111101111111111110, sa_flags=SA_RESTART|SA_SIGINFO
SIGPIPE: SIG_IGN, sa_mask[0]=00000000000010000000000000000000, sa_flags=SA_RESTART
SIGXFSZ: [libjvm.so+0xb69980], sa_mask[0]=11111111011111111101111111111110, sa_flags=SA_RESTART|SA_SIGINFO
SIGILL: [libjvm.so+0xe15e30], sa_mask[0]=11111111011111111101111111111110, sa_flags=SA_RESTART|SA_SIGINFO
SIGUSR2: [libjvm.so+0xb69810], sa_mask[0]=00100000000000000000000000000000, sa_flags=SA_RESTART|SA_SIGINFO
SIGHUP: [libjvm.so+0xb6a1b0], sa_mask[0]=11111111011111111101111111111110, sa_flags=SA_RESTART|SA_SIGINFO
SIGINT: [libjvm.so+0xb6a1b0], sa_mask[0]=11111111011111111101111111111110, sa_flags=SA_RESTART|SA_SIGINFO
SIGTERM: [libjvm.so+0xb6a1b0], sa_mask[0]=11111111011111111101111111111110, sa_flags=SA_RESTART|SA_SIGINFO
SIGQUIT: [libjvm.so+0xb6a1b0], sa_mask[0]=11111111011111111101111111111110, sa_flags=SA_RESTART|SA_SIGINFO


---------------  S Y S T E M  ---------------

OS:
LSB_VERSION=1.4
DISTRIB_ID=Arch
DISTRIB_RELEASE=rolling
DISTRIB_DESCRIPTION="Arch Linux"
uname: Linux 5.11.7-arch1-1 #1 SMP PREEMPT Wed, 17 Mar 2021 16:59:58 +0000 x86_64
OS uptime: 0 days 7:41 hours
libc: glibc 2.33 NPTL 2.33 
rlimit (soft/hard): STACK 8192k/infinity , CORE infinity/infinity , NPROC 63755/63755 , NOFILE 524288/524288 , AS infinity/infinity , CPU infinity/infinity , DATA infinity/infinity , FSIZE infinity/infinity , MEMLOCK 1024k/1024k
load average: 0.33 0.24 0.31

/proc/meminfo:
MemTotal:       16402152 kB
MemFree:         6621472 kB
MemAvailable:   12142364 kB
Buffers:          249152 kB
Cached:          5533460 kB
SwapCached:            0 kB
Active:          1260712 kB
Inactive:        7748492 kB
Active(anon):       3120 kB
Inactive(anon):  3504396 kB
Active(file):    1257592 kB
Inactive(file):  4244096 kB
Unevictable:         160 kB
Mlocked:             160 kB
SwapTotal:      16777212 kB
SwapFree:       16777212 kB
Dirty:               156 kB
Writeback:             0 kB
AnonPages:       3227072 kB
Mapped:           894708 kB
Shmem:            280936 kB
KReclaimable:     355300 kB
Slab:             480656 kB
SReclaimable:     355300 kB
SUnreclaim:       125356 kB
KernelStack:       15424 kB
PageTables:        26220 kB
NFS_Unstable:          0 kB
Bounce:                0 kB
WritebackTmp:          0 kB
CommitLimit:    24978288 kB
Committed_AS:    6795976 kB
VmallocTotal:   34359738367 kB
VmallocUsed:       47756 kB
VmallocChunk:          0 kB
Percpu:            26112 kB
HardwareCorrupted:     0 kB
AnonHugePages:         0 kB
ShmemHugePages:        0 kB
ShmemPmdMapped:        0 kB
FileHugePages:         0 kB
FilePmdMapped:         0 kB
CmaTotal:              0 kB
CmaFree:               0 kB
HugePages_Total:       0
HugePages_Free:        0
HugePages_Rsvd:        0
HugePages_Surp:        0
Hugepagesize:       2048 kB
Hugetlb:               0 kB
DirectMap4k:      472932 kB
DirectMap2M:    11014144 kB
DirectMap1G:     6291456 kB

/sys/kernel/mm/transparent_hugepage/enabled: always [madvise] never
/sys/kernel/mm/transparent_hugepage/defrag (defrag/compaction efforts parameter): always defer defer+madvise [madvise] never

/proc/sys/kernel/threads-max (system-wide limit on the number of threads): 127510
/proc/sys/vm/max_map_count (maximum number of memory map areas a process may have): 65530
/proc/sys/kernel/pid_max (system-wide limit on number of process identifiers): 4194304

container (cgroup) information:
container_type: cgroupv1
cpu_cpuset_cpus: 0-11
cpu_memory_nodes: 0
active_processor_count: 12
cpu_quota: no quota
cpu_period: 100000
cpu_shares: no shares
memory_limit_in_bytes: unlimited
memory_and_swap_limit_in_bytes: unlimited
memory_soft_limit_in_bytes: unlimited
memory_usage_in_bytes: 9351655424
memory_max_usage_in_bytes: 9514635264

Steal ticks since vm start: 0
Steal ticks percentage since vm start:  0.000

CPU: total 12 (initial active 12) (12 cores per cpu, 2 threads per core) family 23 model 113 stepping 0 microcode 0x8701013, cmov, cx8, fxsr, mmx, sse, sse2, sse3, ssse3, sse4.1, sse4.2, popcnt, vzeroupper, avx, avx2, aes, clmul, 3dnowpref, lzcnt, sse4a, ht, tsc, tscinvbit, tscinv, bmi1, bmi2, adx, sha, fma, clflush, clflushopt
CPU Model and flags from /proc/cpuinfo:
model name	: AMD Ryzen 5 3600 6-Core Processor
flags		: fpu vme de pse tsc msr pae mce cx8 apic sep mtrr pge mca cmov pat pse36 clflush mmx fxsr sse sse2 ht syscall nx mmxext fxsr_opt pdpe1gb rdtscp lm constant_tsc rep_good nopl nonstop_tsc cpuid extd_apicid aperfmperf pni pclmulqdq monitor ssse3 fma cx16 sse4_1 sse4_2 movbe popcnt aes xsave avx f16c rdrand lahf_lm cmp_legacy svm extapic cr8_legacy abm sse4a misalignsse 3dnowprefetch osvw ibs skinit wdt tce topoext perfctr_core perfctr_nb bpext perfctr_llc mwaitx cpb cat_l3 cdp_l3 hw_pstate sme ssbd mba sev ibpb stibp vmmcall sev_es fsgsbase bmi1 avx2 smep bmi2 cqm rdt_a rdseed adx smap clflushopt clwb sha_ni xsaveopt xsavec xgetbv1 xsaves cqm_llc cqm_occup_llc cqm_mbm_total cqm_mbm_local clzero irperf xsaveerptr rdpru wbnoinvd arat npt lbrv svm_lock nrip_save tsc_scale vmcb_clean flushbyasid decodeassists pausefilter pfthreshold avic v_vmsave_vmload vgif umip rdpid overflow_recov succor smca

Online cpus: 0-11
Offline cpus: 12-31
BIOS frequency limitation: 3600000
Frequency switch latency (ns): 0
Available cpu frequencies: 3600000 2800000 2200000 
Current governor: schedutil
Core performance/turbo boost: 1

Memory: 4k page, physical 16402152k(6621472k free), swap 16777212k(16777212k free)

vm_info: OpenJDK 64-Bit Server VM (15.0.2+7) for linux-amd64 JRE (15.0.2+7), built on Jan 30 2021 00:52:18 by "builduser" with gcc 10.2.0

END.
